Image,Class,Parent,X,Y,Layer,Nearest_Distance
A22-312CD34NEUN.svs,Neuron,Layer1,1769.8,1753.5,Layer1,56.64847747292075
A22-312CD34NEUN.svs,Neuron,Layer1,1785.3,1758.4,Layer1,55.54178607138951
A22-312CD34NEUN.svs,Neuron,Layer1,1905.5,1755.8,Layer1,141.9118740627436
A22-312CD34NEUN.svs,Neuron,Layer1,1633.9,1757.8,Layer1,92.14000217060975
A22-312CD34NEUN.svs,Neuron,Layer1,1893.1,1759.3,Layer1,129.47173436700376
A22-312CD34NEUN.svs,Neuron,Layer1,1945.3,1760.2,Layer1,175.73235331036793
A22-312CD34NEUN.svs,Neuron,Layer1,1623.1,1763.0,Layer1,98.23573687818498
A22-312CD34NEUN.svs,Neuron,Layer1,1993.7,1761.6,Layer1,220.8371798407144
A22-312CD34NEUN.svs,Neuron,Layer1,1847.5,1778.7,Layer1,80.80006188116438
A22-312CD34NEUN.svs,Neuron,Layer1,1511.3,1775.3,Layer1,126.27668034914451
A22-312CD34NEUN.svs,Neuron,Layer1,1526.3,1780.1,Layer1,125.75054671849355
A22-312CD34NEUN.svs,Neuron,Layer1,4280.7,1421.4,Layer1,80.6452106451461
A22-312CD34NEUN.svs,Neuron,Layer1,4256.1,1447.8,Layer1,58.45724933658775
A22-312CD34NEUN.svs,Neuron,Layer1,4237.0,1463.5,Layer1,56.24277731406941
A22-312CD34NEUN.svs,Neuron,Layer1,4406.3,1476.4,Layer1,47.249232798004066
A22-312CD34NEUN.svs,Neuron,Layer1,4460.5,1499.6,Layer1,71.00563357931532
A22-312CD34NEUN.svs,Neuron,Layer1,4277.2,1502.3,Layer1,0.8544003745319074
A22-312CD34NEUN.svs,Neuron,Layer1,4410.4,1515.7,Layer1,71.49636354388888
A22-312CD34NEUN.svs,Neuron,Layer1,4378.4,1553.0,Layer1,70.62018125153747
A22-312CD34NEUN.svs,Neuron,Layer1,4316.8,1599.8,Layer1,73.30381981861527
A22-312CD34NEUN.svs,Neuron,Layer1,4145.3,1658.1,Layer1,67.35465833927165
A22-312CD34NEUN.svs,Neuron,Layer1,4005.4,1713.8,Layer1,36.235341863986875
A22-312CD34NEUN.svs,Neuron,Layer1,3991.1,1720.9,Layer1,39.27569222814547
A22-312CD34NEUN.svs,Neuron,Layer1,3994.6,1734.3,Layer1,28.943565778943224
A22-312CD34NEUN.svs,Neuron,Layer1,4007.2,1756.7,Layer1,16.940188900954222
A22-312CD34NEUN.svs,Neuron,Layer1,3999.8,1767.7,Layer1,29.769279467262987
A22-312CD34NEUN.svs,Neuron,Layer1,5560.8,917.41,Layer1,16.262622789697925
A22-312CD34NEUN.svs,Neuron,Layer1,5477.1,924.2,Layer1,48.409008459169556
A22-312CD34NEUN.svs,Neuron,Layer1,5562.6,937.97,Layer1,11.477112006075743
A22-312CD34NEUN.svs,Neuron,Layer1,5385.0,940.22,Layer1,62.2830506638844
A22-312CD34NEUN.svs,Neuron,Layer1,5540.4,943.85,Layer1,17.51767393234647
A22-312CD34NEUN.svs,Neuron,Layer1,5556.4,946.5,Layer1,15.205012331464879
A22-312CD34NEUN.svs,Neuron,Layer1,5379.4,973.18,Layer1,28.911630877555137
A22-312CD34NEUN.svs,Neuron,Layer1,5246.0,978.3,Layer1,43.96547395400169
A22-312CD34NEUN.svs,Neuron,Layer1,5155.8,991.74,Layer1,52.283593028788495
A22-312CD34NEUN.svs,Neuron,Layer1,5126.1,999.73,Layer1,81.40024569987452
A22-312CD34NEUN.svs,Neuron,Layer1,5487.8,1006.9,Layer1,28.178360491696175
A22-312CD34NEUN.svs,Neuron,Layer1,5473.8,1005.2,Layer1,40.526164387960165
A22-312CD34NEUN.svs,Neuron,Layer1,5156.2,1017.5,Layer1,54.35633265775037
A22-312CD34NEUN.svs,Neuron,Layer1,5122.2,1015.6,Layer1,72.41332750260828
A22-312CD34NEUN.svs,Neuron,Layer1,5332.6,1018.2,Layer1,47.35704804989434
A22-312CD34NEUN.svs,Neuron,Layer1,5139.0,1027.9,Layer1,74.14247702902843
A22-312CD34NEUN.svs,Neuron,Layer1,5405.8,1029.4,Layer1,26.340273347100876
A22-312CD34NEUN.svs,Neuron,Layer1,5227.1,1027.8,Layer1,34.39989680217098
A22-312CD34NEUN.svs,Neuron,Layer1,5092.2,1031.0,Layer1,42.48588000736245
A22-312CD34NEUN.svs,Neuron,Layer1,5312.0,1038.4,Layer1,74.58532027148541
A22-312CD34NEUN.svs,Neuron,Layer1,5230.9,1041.9,Layer1,48.40224065061444
A22-312CD34NEUN.svs,Neuron,Layer1,5334.3,1053.2,Layer1,66.73290043149646
A22-312CD34NEUN.svs,Neuron,Layer1,5038.8,1053.3,Layer1,38.03682426281091
A22-312CD34NEUN.svs,Neuron,Layer1,5058.2,1052.2,Layer1,22.72993620756534
A22-312CD34NEUN.svs,Neuron,Layer1,5433.9,1053.7,Layer1,21.53346233191495
A22-312CD34NEUN.svs,Neuron,Layer1,5069.7,1056.4,Layer1,13.228000604777506
A22-312CD34NEUN.svs,Neuron,Layer1,5262.7,1067.5,Layer1,87.56118375170577
A22-312CD34NEUN.svs,Neuron,Layer1,5058.4,1080.1,Layer1,18.601075237738275
A22-312CD34NEUN.svs,Neuron,Layer1,5243.1,1076.7,Layer1,69.22716229920209
A22-312CD34NEUN.svs,Neuron,Layer1,5351.4,1077.9,Layer1,65.19202405202648
A22-312CD34NEUN.svs,Neuron,Layer1,5335.1,1078.5,Layer1,80.8223360216709
A22-312CD34NEUN.svs,Neuron,Layer1,5026.0,1081.1,Layer1,28.8721318921897
A22-312CD34NEUN.svs,Neuron,Layer1,5047.7,1089.5,Layer1,32.81234523773018
A22-312CD34NEUN.svs,Neuron,Layer1,4851.3,1104.9,Layer1,19.163767896736843
A22-312CD34NEUN.svs,Neuron,Layer1,5017.7,1117.5,Layer1,21.181359729724367
A22-312CD34NEUN.svs,Neuron,Layer1,4910.7,1120.5,Layer1,22.881652038260302
A22-312CD34NEUN.svs,Neuron,Layer1,5062.2,1121.4,Layer1,45.5580947801814
A22-312CD34NEUN.svs,Neuron,Layer1,5146.9,1138.7,Layer1,36.34184915493502
A22-312CD34NEUN.svs,Neuron,Layer1,5119.6,1140.8,Layer1,63.62554518430469
A22-312CD34NEUN.svs,Neuron,Layer1,4852.0,1147.0,Layer1,29.75315109362368
A22-312CD34NEUN.svs,Neuron,Layer1,4945.1,1188.1,Layer1,34.26908227542669
A22-312CD34NEUN.svs,Neuron,Layer1,4933.9,1192.3,Layer1,45.30706346696965
A22-312CD34NEUN.svs,Neuron,Layer1,4817.6,1287.0,Layer1,57.74703455589753
A22-312CD34NEUN.svs,Neuron,Layer1,4611.8,1294.0,Layer1,32.944347011285394
A22-312CD34NEUN.svs,Neuron,Layer1,5811.0,883.5,Layer1,54.111813867213684
A22-312CD34NEUN.svs,Neuron,Layer1,5780.9,887.07,Layer1,70.95614208791226
A22-312CD34NEUN.svs,Neuron,Layer1,5726.6,891.74,Layer1,111.77833242627992
A22-312CD34NEUN.svs,Neuron,Layer1,6248.7,902.73,Layer1,74.30483766216066
A22-312CD34NEUN.svs,Neuron,Layer1,5945.3,910.51,Layer1,44.50440989385213
A22-312CD34NEUN.svs,Neuron,Layer1,6295.1,919.53,Layer1,25.024326164753994
A22-312CD34NEUN.svs,Neuron,Layer1,5734.3,973.07,Layer1,45.237803881266906
A22-312CD34NEUN.svs,Neuron,Layer1,5592.3,978.63,Layer1,61.2273835795718
A22-312CD34NEUN.svs,Neuron,Layer1,5564.4,984.33,Layer1,53.87005197695656
A22-312CD34NEUN.svs,Neuron,Layer1,6031.8,1005.7,Layer1,20.201643497498242
A22-312CD34NEUN.svs,Neuron,Layer1,5666.2,1006.4,Layer1,75.75097359110309
A22-312CD34NEUN.svs,Neuron,Layer1,6327.0,1055.7,Layer1,56.11773338259502
A22-312CD34NEUN.svs,Neuron,Layer1,5684.1,1062.5,Layer1,50.142297514174096
A22-312CD34NEUN.svs,Neuron,Layer1,6434.2,1073.3,Layer1,16.080111939908313
A22-312CD34NEUN.svs,Neuron,Layer1,6466.0,1113.4,Layer1,64.674260722485
A22-312CD34NEUN.svs,Neuron,Layer1,6575.6,1117.8,Layer1,68.3685600257895
A22-312CD34NEUN.svs,Neuron,Layer1,6825.9,1133.5,Layer1,26.096934685897697
A22-312CD34NEUN.svs,Neuron,Layer1,6633.8,1133.9,Layer1,82.99644570703016
A22-312CD34NEUN.svs,Neuron,Layer1,6659.1,1136.9,Layer1,60.18388488623833
A22-312CD34NEUN.svs,Neuron,Layer1,6678.9,1144.7,Layer1,47.96269383593924
A22-312CD34NEUN.svs,Neuron,Layer1,6878.4,1152.4,Layer1,19.592090240706582
A22-312CD34NEUN.svs,Neuron,Layer1,6904.9,1152.0,Layer1,34.28410710518805
A22-312CD34NEUN.svs,Neuron,Layer1,6769.4,1167.8,Layer1,73.21290869785157
A22-312CD34NEUN.svs,Neuron,Layer1,6760.5,1169.6,Layer1,70.67856818017735
A22-312CD34NEUN.svs,Neuron,Layer1,6795.6,1172.6,Layer1,55.458543074984725
A22-312CD34NEUN.svs,Neuron,Layer1,7312.8,1183.5,Layer1,101.57962394102492
A22-312CD34NEUN.svs,Neuron,Layer1,6854.6,1183.8,Layer1,23.342022191746512
A22-312CD34NEUN.svs,Neuron,Layer1,7148.3,1192.0,Layer1,26.52112365643625
A22-312CD34NEUN.svs,Neuron,Layer1,6961.1,1197.5,Layer1,32.520762598684115
A22-312CD34NEUN.svs,Neuron,Layer1,7206.5,1202.1,Layer1,57.104290556840134
A22-312CD34NEUN.svs,Neuron,Layer1,7198.5,1234.9,Layer1,76.64111168296053
A22-312CD34NEUN.svs,Neuron,Layer1,7425.7,1303.8,Layer1,113.96424878004557
A22-312CD34NEUN.svs,Neuron,Layer1,7453.6,1319.9,Layer1,82.02688583629147
A22-312CD34NEUN.svs,Neuron,Layer1,7955.3,1485.0,Layer1,95.15445339026414
A22-312CD34NEUN.svs,Neuron,Layer1,7937.2,1496.9,Layer1,92.12453527698229
A22-312CD34NEUN.svs,Neuron,Layer1,7908.4,1505.4,Layer1,104.23214475390965
A22-312CD34NEUN.svs,Neuron,Layer1,7963.6,1509.9,Layer1,68.90812724200204
A22-312CD34NEUN.svs,Neuron,Layer1,8047.7,1518.6,Layer1,60.73631533110985
A22-312CD34NEUN.svs,Neuron,Layer1,7892.1,1521.7,Layer1,107.93516572461381
A22-312CD34NEUN.svs,Neuron,Layer1,8084.9,1575.8,Layer1,19.520758181996932
A22-312CD34NEUN.svs,Neuron,Layer1,8053.8,1579.9,Layer1,12.033287165192544
A22-312CD34NEUN.svs,Neuron,Layer1,8033.8,1590.6,Layer1,34.522021957005386
A22-312CD34NEUN.svs,Neuron,Layer1,8059.2,1589.4,Layer1,14.132586458253101
A22-312CD34NEUN.svs,Neuron,Layer1,7923.0,1621.9,Layer1,78.40057397749057
A22-312CD34NEUN.svs,Neuron,Layer1,8030.9,1623.2,Layer1,57.900777196856346
A22-312CD34NEUN.svs,Neuron,Layer1,7936.8,1624.3,Layer1,69.50863255740218
A22-312CD34NEUN.svs,Neuron,Layer1,8189.5,1644.4,Layer1,28.65274855925683
A22-312CD34NEUN.svs,Neuron,Layer1,7964.3,1676.6,Layer1,57.87270513808733
A22-312CD34NEUN.svs,Neuron,Layer1,7984.5,1697.0,Layer1,29.37771264070778
A22-312CD34NEUN.svs,Neuron,Layer1,8052.3,1702.3,Layer1,54.35476060107337
A22-312CD34NEUN.svs,Neuron,Layer1,8032.3,1720.1,Layer1,31.016124838541646
A22-312CD34NEUN.svs,Neuron,Layer1,8039.8,1726.7,Layer1,38.90514104845273
A22-312CD34NEUN.svs,Neuron,Layer1,8310.1,1744.9,Layer1,60.207972893961475
A22-312CD34NEUN.svs,Neuron,Layer1,8175.4,1776.9,Layer1,48.53339056773225
A22-312CD34NEUN.svs,Neuron,Layer1,10232.4,1268.3,Layer1,33.567841753678906
A22-312CD34NEUN.svs,Neuron,Layer1,10193.6,1308.8,Layer1,8.19999999999999
A22-312CD34NEUN.svs,Neuron,Layer1,10527.8,1372.1,Layer1,100.01804837128147
A22-312CD34NEUN.svs,Neuron,Layer1,10615.3,1392.7,Layer1,84.9077146082736
A22-312CD34NEUN.svs,Neuron,Layer1,10299.4,1395.7,Layer1,91.94155752433109
A22-312CD34NEUN.svs,Neuron,Layer1,10229.0,1450.1,Layer1,33.1802652189526
A22-312CD34NEUN.svs,Neuron,Layer1,10176.9,1479.3,Layer1,56.134570453509276
A22-312CD34NEUN.svs,Neuron,Layer1,10273.1,1479.3,Layer1,21.976350925483157
A22-312CD34NEUN.svs,Neuron,Layer1,9890.7,1486.4,Layer1,3.8288379438150537
A22-312CD34NEUN.svs,Neuron,Layer1,9792.0,1488.5,Layer1,65.10499212810049
A22-312CD34NEUN.svs,Neuron,Layer1,9740.9,1489.6,Layer1,54.237994063202684
A22-312CD34NEUN.svs,Neuron,Layer1,10089.5,1516.4,Layer1,32.704892600343264
A22-312CD34NEUN.svs,Neuron,Layer1,10107.7,1532.4,Layer1,22.621449997733926
A22-312CD34NEUN.svs,Neuron,Layer1,10058.4,1555.6,Layer1,18.085353189805737
A22-312CD34NEUN.svs,Neuron,Layer1,9871.6,1646.1,Layer1,65.51953907041776
A22-312CD34NEUN.svs,Neuron,Layer1,9698.7,1765.0,Layer1,16.194134740701646
A22-312CD34NEUN.svs,Neuron,Layer1,9679.0,1781.0,Layer1,18.866372200293448
A22-312CD34NEUN.svs,Neuron,Layer1,11566.4,1019.2,Layer1,95.16060109099774
A22-312CD34NEUN.svs,Neuron,Layer1,11613.8,1027.5,Layer1,47.048591902415474
A22-312CD34NEUN.svs,Neuron,Layer1,10853.7,1090.0,Layer1,46.422623794868294
A22-312CD34NEUN.svs,Neuron,Layer1,10764.6,1111.1,Layer1,0.8602325267042997
A22-312CD34NEUN.svs,Neuron,Layer1,11064.5,1151.2,Layer1,19.831288409985316
A22-312CD34NEUN.svs,Neuron,Layer1,11646.3,1163.0,Layer1,48.711497616066055
A22-312CD34NEUN.svs,Neuron,Layer1,11585.0,1181.8,Layer1,17.397988389466335
A22-312CD34NEUN.svs,Neuron,Layer1,11499.6,1194.6,Layer1,78.83349541914296
A22-312CD34NEUN.svs,Neuron,Layer1,10883.5,1201.7,Layer1,36.33414372184943
A22-312CD34NEUN.svs,Neuron,Layer1,11288.4,1202.7,Layer1,38.44216435113871
A22-312CD34NEUN.svs,Neuron,Layer1,11429.3,1205.4,Layer1,105.61027412141348
A22-312CD34NEUN.svs,Neuron,Layer1,10845.5,1256.9,Layer1,59.48193002921103
A22-312CD34NEUN.svs,Neuron,Layer1,10926.7,1261.0,Layer1,106.97887641960031
A22-312CD34NEUN.svs,Neuron,Layer1,10998.3,1277.0,Layer1,91.77461522665264
A22-312CD34NEUN.svs,Neuron,Layer1,10973.7,1283.7,Layer1,115.12779855447567
A22-312CD34NEUN.svs,Neuron,Layer1,10873.0,1293.7,Layer1,68.56967259656479
A22-312CD34NEUN.svs,Neuron,Layer1,10816.3,1291.9,Layer1,29.13434399467392
A22-312CD34NEUN.svs,Neuron,Layer1,10931.5,1297.5,Layer1,123.81732512051848
A22-312CD34NEUN.svs,Neuron,Layer1,10759.0,1302.4,Layer1,46.320621757485334
A22-312CD34NEUN.svs,Neuron,Layer1,10750.7,1321.2,Layer1,59.10685239462365
A22-312CD34NEUN.svs,Neuron,Layer1,10819.1,1327.3,Layer1,11.640017182118775
A22-312CD34NEUN.svs,Neuron,Layer1,10786.4,1340.0,Layer1,30.588396492787666
A22-312CD34NEUN.svs,Neuron,Layer1,10836.9,1340.9,Layer1,34.04071092089625
A22-312CD34NEUN.svs,Neuron,Layer1,10798.5,1348.7,Layer1,30.565503431155665
A22-312CD34NEUN.svs,Neuron,Layer1,10696.5,1366.6,Layer1,63.47613724857542
A22-312CD34NEUN.svs,Neuron,Layer1,12571.6,850.07,Layer1,29.25491411711901
A22-312CD34NEUN.svs,Neuron,Layer1,12600.5,851.14,Layer1,46.838028353038375
A22-312CD34NEUN.svs,Neuron,Layer1,12488.1,852.71,Layer1,28.894637910865058
A22-312CD34NEUN.svs,Neuron,Layer1,12527.6,853.56,Layer1,23.433727829775684
A22-312CD34NEUN.svs,Neuron,Layer1,12466.6,949.19,Layer1,37.83186487605398
A22-312CD34NEUN.svs,Neuron,Layer1,12650.9,976.86,Layer1,52.9260956428862
A22-312CD34NEUN.svs,Neuron,Layer1,11724.2,979.63,Layer1,76.9893687466
A22-312CD34NEUN.svs,Neuron,Layer1,12627.1,980.6,Layer1,38.59455920204301
A22-312CD34NEUN.svs,Neuron,Layer1,11822.2,983.88,Layer1,10.757490413661252
A22-312CD34NEUN.svs,Neuron,Layer1,12114.1,1031.3,Layer1,73.40367838194413
A22-312CD34NEUN.svs,Neuron,Layer1,11807.4,1133.4,Layer1,35.08917211904517
A22-312CD34NEUN.svs,Neuron,Layer1,11739.9,1149.2,Layer1,89.71510463684504
A22-312CD34NEUN.svs,Neuron,Layer1,11640.7,1154.9,Layer1,40.3001240692881
A22-312CD34NEUN.svs,Neuron,Layer1,13439.8,766.3,Layer1,12.020153909163692
A22-312CD34NEUN.svs,Neuron,Layer1,13560.9,777.55,Layer1,24.07405242164248
A22-312CD34NEUN.svs,Neuron,Layer1,12766.3,830.13,Layer1,34.10005278588312
A22-312CD34NEUN.svs,Neuron,Layer1,13675.6,853.35,Layer1,62.68221119265014
A22-312CD34NEUN.svs,Neuron,Layer1,13514.7,899.13,Layer1,97.44533647127506
A22-312CD34NEUN.svs,Neuron,Layer1,13474.9,900.84,Layer1,123.22926965619901
A22-312CD34NEUN.svs,Neuron,Layer1,13124.4,908.59,Layer1,16.664261159739212
A22-312CD34NEUN.svs,Neuron,Layer1,12950.6,954.31,Layer1,91.41974622585677
A22-312CD34NEUN.svs,Neuron,Layer1,14128.7,780.92,Layer1,107.44603296539259
A22-312CD34NEUN.svs,Neuron,Layer1,14413.1,803.56,Layer1,80.49232509997447
A22-312CD34NEUN.svs,Neuron,Layer1,14391.4,805.72,Layer1,85.17682548674837
A22-312CD34NEUN.svs,Neuron,Layer1,14424.7,805.5,Layer1,77.24630994422961
A22-312CD34NEUN.svs,Neuron,Layer1,13839.0,811.44,Layer1,31.070772439706413
A22-312CD34NEUN.svs,Neuron,Layer1,14621.0,811.68,Layer1,41.97452679900062
A22-312CD34NEUN.svs,Neuron,Layer1,14349.0,833.17,Layer1,93.14746427037046
A22-312CD34NEUN.svs,Neuron,Layer1,14389.2,842.15,Layer1,56.03901230392907
A22-312CD34NEUN.svs,Neuron,Layer1,13970.1,844.7,Layer1,51.326831189935135
A22-312CD34NEUN.svs,Neuron,Layer1,14404.4,856.67,Layer1,35.05381719584901
A22-312CD34NEUN.svs,Neuron,Layer1,14069.1,861.87,Layer1,98.82404818666386
A22-312CD34NEUN.svs,Neuron,Layer1,14555.7,894.12,Layer1,63.20356714616603
A22-312CD34NEUN.svs,Neuron,Layer1,14822.4,887.52,Layer1,62.3803847375118
A22-312CD34NEUN.svs,Neuron,Layer1,14766.6,942.18,Layer1,71.92305332784368
A22-312CD34NEUN.svs,Neuron,Layer1,15145.2,996.76,Layer1,65.24853714835407
A22-312CD34NEUN.svs,Neuron,Layer1,14863.4,1012.5,Layer1,13.870832707519549
A22-312CD34NEUN.svs,Neuron,Layer1,15232.7,1067.7,Layer1,11.359577456929362
A22-312CD34NEUN.svs,Neuron,Layer1,15284.0,1092.8,Layer1,23.1276890328455
A22-312CD34NEUN.svs,Neuron,Layer1,15271.6,1104.7,Layer1,10.742439201596438
A22-312CD34NEUN.svs,Neuron,Layer1,15226.5,1155.0,Layer1,63.95701681598353
A22-312CD34NEUN.svs,Neuron,Layer1,15577.2,1403.8,Layer1,122.23133804389118
A22-312CD34NEUN.svs,Neuron,Layer1,15442.2,1414.4,Layer1,17.557334649655605
A22-312CD34NEUN.svs,Neuron,Layer1,15695.9,1510.0,Layer1,49.52908236581868
A22-312CD34NEUN.svs,Neuron,Layer1,15706.4,1511.2,Layer1,42.294680516585444
A22-312CD34NEUN.svs,Neuron,Layer1,15687.9,1524.1,Layer1,46.79850424960252
A22-312CD34NEUN.svs,Neuron,Layer1,15712.6,1530.2,Layer1,23.345235059857504
A22-312CD34NEUN.svs,Neuron,Layer1,15571.8,1563.2,Layer1,116.86560657439087
A22-312CD34NEUN.svs,Neuron,Layer1,15715.7,1660.2,Layer1,26.30931394012455
A22-312CD34NEUN.svs,Neuron,Layer1,15733.2,1555.5,Layer1,9.489467845986022
A22-312CD34NEUN.svs,Neuron,Layer1,15773.8,1595.1,Layer1,46.076892256313755
A22-312CD34NEUN.svs,Neuron,Layer1,15799.9,1631.9,Layer1,16.86564555538845
A22-312CD34NEUN.svs,Neuron,Layer1,19320.7,1754.8,Layer1,11.415778554265717
A22-312CD34NEUN.svs,Neuron,Layer1,1477.5,1784.9,Layer1,114.01508672101245
A22-312CD34NEUN.svs,Neuron,Layer1,1417.3,1793.6,Layer1,80.75208975624102
A22-312CD34NEUN.svs,Neuron,Layer1,1407.5,1797.7,Layer1,71.02175722973908
A22-312CD34NEUN.svs,Neuron,Layer1,1378.6,1801.3,Layer1,52.59847906546349
A22-312CD34NEUN.svs,Neuron,Layer1,1399.0,1804.1,Layer1,60.613199882533905
A22-312CD34NEUN.svs,Neuron,Layer1,1363.1,1800.6,Layer1,49.996199855589104
A22-312CD34NEUN.svs,Neuron,Layer1,1428.9,1808.8,Layer1,80.53632720704375
A22-312CD34NEUN.svs,Neuron,Layer1,1445.1,1820.7,Layer1,87.3862689442684
A22-312CD34NEUN.svs,Neuron,Layer1,1343.6,1823.8,Layer1,31.334485794408774
A22-312CD34NEUN.svs,Neuron,Layer1,1421.9,1831.6,Layer1,64.72109393389465
A22-312CD34NEUN.svs,Neuron,Layer1,1469.5,1832.5,Layer1,67.87812607902494
A22-312CD34NEUN.svs,Neuron,Layer1,1338.5,1845.6,Layer1,22.05130381632798
A22-312CD34NEUN.svs,Neuron,Layer1,1252.4,1852.3,Layer1,56.16636003872785
A22-312CD34NEUN.svs,Neuron,Layer1,1402.2,1861.3,Layer1,43.56007346182973
A22-312CD34NEUN.svs,Neuron,Layer1,1112.8,1861.8,Layer1,55.604496221079195
A22-312CD34NEUN.svs,Neuron,Layer1,1080.5,1870.4,Layer1,57.51956188984753
A22-312CD34NEUN.svs,Neuron,Layer1,1111.8,1874.5,Layer1,47.97551458817308
A22-312CD34NEUN.svs,Neuron,Layer1,1363.6,1876.3,Layer1,26.049952015310833
A22-312CD34NEUN.svs,Neuron,Layer1,1137.2,1877.7,Layer1,28.15759222660909
A22-312CD34NEUN.svs,Neuron,Layer1,1267.3,1880.4,Layer1,40.13676618762417
A22-312CD34NEUN.svs,Neuron,Layer1,1468.6,1902.2,Layer1,14.985659811967011
A22-312CD34NEUN.svs,Neuron,Layer1,1317.9,1909.2,Layer1,27.065845636151757
A22-312CD34NEUN.svs,Neuron,Layer1,1151.6,1912.4,Layer1,10.124228365658418
A22-312CD34NEUN.svs,Neuron,Layer1,1351.2,1916.2,Layer1,34.42455518957353
A22-312CD34NEUN.svs,Neuron,Layer1,888.5,1915.3,Layer1,42.65721978751072
A22-312CD34NEUN.svs,Neuron,Layer1,946.17,1924.9,Layer1,38.044738138144496
A22-312CD34NEUN.svs,Neuron,Layer1,881.27,1924.3,Layer1,54.161448466598415
A22-312CD34NEUN.svs,Neuron,Layer1,1367.5,1924.6,Layer1,45.98478009080823
A22-312CD34NEUN.svs,Neuron,Layer1,1302.9,1927.9,Layer1,21.503720608303993
A22-312CD34NEUN.svs,Neuron,Layer1,885.71,1932.5,Layer1,57.80778580779578
A22-312CD34NEUN.svs,Neuron,Layer1,1020.6,1938.5,Layer1,62.308265904292305
A22-312CD34NEUN.svs,Neuron,Layer1,967.31,1950.8,Layer1,28.780244960736503
A22-312CD34NEUN.svs,Neuron,Layer1,894.86,1950.7,Layer1,42.473638883429714
A22-312CD34NEUN.svs,Neuron,Layer1,999.25,1949.2,Layer1,59.71294750721993
A22-312CD34NEUN.svs,Neuron,Layer1,1202.8,1953.2,Layer1,36.34638909162785
A22-312CD34NEUN.svs,Neuron,Layer1,976.52,1954.0,Layer1,36.48796513920722
A22-312CD34NEUN.svs,Neuron,Layer1,929.54,1958.7,Layer1,12.162253080741188
A22-312CD34NEUN.svs,Neuron,Layer1,1028.7,1961.5,Layer1,58.154707462078996
A22-312CD34NEUN.svs,Neuron,Layer1,1115.2,1970.8,Layer1,42.004404530953636
A22-312CD34NEUN.svs,Neuron,Layer1,961.01,1974.3,Layer1,23.12774308055161
A22-312CD34NEUN.svs,Neuron,Layer1,986.99,1985.0,Layer1,51.10112425377753
A22-312CD34NEUN.svs,Neuron,Layer1,1009.0,1994.6,Layer1,75.09889213563677
A22-312CD34NEUN.svs,Neuron,Layer1,974.16,2036.2,Layer1,80.70049566142714
A22-312CD34NEUN.svs,Neuron,Layer1,918.33,2060.8,Layer1,43.234194799949876
A22-312CD34NEUN.svs,Neuron,Layer1,462.0,2146.9,Layer1,55.71295720027777
A22-312CD34NEUN.svs,Neuron,Layer1,1720.9,1770.0,Layer1,45.10543204537561
A22-312CD34NEUN.svs,Neuron,Layer1,1580.3,1770.4,Layer1,134.27054777575003
A22-312CD34NEUN.svs,Neuron,Layer1,1595.7,1766.1,Layer1,121.36972439616055
A22-312CD34NEUN.svs,Neuron,Layer1,2138.0,1767.0,Layer1,307.9618320506619
A22-312CD34NEUN.svs,Neuron,Layer1,1618.5,1775.7,Layer1,96.63110265333815
A22-312CD34NEUN.svs,Neuron,Layer1,2199.0,1770.3,Layer1,253.34517954758897
A22-312CD34NEUN.svs,Neuron,Layer1,2140.1,1777.7,Layer1,301.34918284276154
A22-312CD34NEUN.svs,Neuron,Layer1,1552.9,1785.3,Layer1,132.43156723379826
A22-312CD34NEUN.svs,Neuron,Layer1,1591.6,1786.6,Layer1,118.9884448171334
A22-312CD34NEUN.svs,Neuron,Layer1,2024.1,1789.5,Layer1,244.2118956971588
A22-312CD34NEUN.svs,Neuron,Layer1,1495.6,1789.2,Layer1,110.06116481302566
A22-312CD34NEUN.svs,Neuron,Layer1,2202.4,1790.8,Layer1,239.91759001790604
A22-312CD34NEUN.svs,Neuron,Layer1,1531.6,1790.1,Layer1,118.37385691105963
A22-312CD34NEUN.svs,Neuron,Layer1,2214.6,1793.9,Layer1,227.7650104822953
A22-312CD34NEUN.svs,Neuron,Layer1,1572.9,1797.4,Layer1,134.44794531713754
A22-312CD34NEUN.svs,Neuron,Layer1,1895.5,1805.2,Layer1,114.80810075948474
A22-312CD34NEUN.svs,Neuron,Layer1,2300.9,1806.1,Layer1,150.3022621253587
A22-312CD34NEUN.svs,Neuron,Layer1,1942.8,1806.0,Layer1,161.38528433534452
A22-312CD34NEUN.svs,Neuron,Layer1,2402.8,1806.6,Layer1,100.8484506574098
A22-312CD34NEUN.svs,Neuron,Layer1,2282.9,1805.9,Layer1,164.21196667721875
A22-312CD34NEUN.svs,Neuron,Layer1,1697.7,1810.3,Layer1,10.288342918079522
A22-312CD34NEUN.svs,Neuron,Layer1,1904.8,1812.0,Layer1,122.93091555829231
A22-312CD34NEUN.svs,Neuron,Layer1,2354.6,1811.8,Layer1,111.32084261269334
A22-312CD34NEUN.svs,Neuron,Layer1,1642.3,1813.9,Layer1,65.30490027555355
A22-312CD34NEUN.svs,Neuron,Layer1,2362.3,1815.7,Layer1,104.09462041815605
A22-312CD34NEUN.svs,Neuron,Layer1,1588.8,1818.4,Layer1,118.91816513888865
A22-312CD34NEUN.svs,Neuron,Layer1,2335.7,1818.0,Layer1,117.42469927574886
A22-312CD34NEUN.svs,Neuron,Layer1,2258.1,1821.9,Layer1,176.12396202674998
A22-312CD34NEUN.svs,Neuron,Layer1,2453.8,1819.8,Layer1,96.57168322028983
A22-312CD34NEUN.svs,Neuron,Layer1,2046.1,1820.2,Layer1,263.39039466161245
A22-312CD34NEUN.svs,Neuron,Layer1,1943.6,1824.9,Layer1,160.8150490470341
A22-312CD34NEUN.svs,Neuron,Layer1,1650.4,1824.6,Layer1,58.34457986822751
A22-312CD34NEUN.svs,Neuron,Layer1,2471.8,1825.8,Layer1,100.66623068338264
A22-312CD34NEUN.svs,Neuron,Layer1,1635.1,1826.7,Layer1,73.76455788520666
A22-312CD34NEUN.svs,Neuron,Layer1,2277.9,1826.5,Layer1,156.66400352346426
A22-312CD34NEUN.svs,Neuron,Layer1,1493.1,1830.4,Layer1,68.839305632756
A22-312CD34NEUN.svs,Neuron,Layer1,2062.9,1834.0,Layer1,280.18497461498555
A22-312CD34NEUN.svs,Neuron,Layer1,2452.7,1834.7,Layer1,82.8217966479837
A22-312CD34NEUN.svs,Neuron,Layer1,1953.0,1838.4,Layer1,170.5747050415155
A22-312CD34NEUN.svs,Neuron,Layer1,1902.7,1837.8,Layer1,120.37649272179358
A22-312CD34NEUN.svs,Neuron,Layer1,2489.0,1842.6,Layer1,100.15113578986502
A22-312CD34NEUN.svs,Neuron,Layer1,1593.5,1845.2,Layer1,118.52940563421377
A22-312CD34NEUN.svs,Neuron,Layer1,2097.8,1844.9,Layer1,315.5025197997635
A22-312CD34NEUN.svs,Neuron,Layer1,1619.8,1844.5,Layer1,93.24591143851829
A22-312CD34NEUN.svs,Neuron,Layer1,1507.9,1846.9,Layer1,56.84012667121704
A22-312CD34NEUN.svs,Neuron,Layer1,2288.4,1848.8,Layer1,136.88845824246843
A22-312CD34NEUN.svs,Neuron,Layer1,1545.5,1848.2,Layer1,79.19122426127784
A22-312CD34NEUN.svs,Neuron,Layer1,2104.5,1855.2,Layer1,312.1283069508437
A22-312CD34NEUN.svs,Neuron,Layer1,1583.2,1860.1,Layer1,105.97947914572906
A22-312CD34NEUN.svs,Neuron,Layer1,1833.1,1864.8,Layer1,62.86000318167347
A22-312CD34NEUN.svs,Neuron,Layer1,1441.3,1863.8,Layer1,55.53602434456404
A22-312CD34NEUN.svs,Neuron,Layer1,2051.9,1868.4,Layer1,272.25080348825435
A22-312CD34NEUN.svs,Neuron,Layer1,1565.5,1871.9,Layer1,85.31846224587031
A22-312CD34NEUN.svs,Neuron,Layer1,1860.0,1871.0,Layer1,88.80906485263773
A22-312CD34NEUN.svs,Neuron,Layer1,1551.3,1870.3,Layer1,72.5865001222679
A22-312CD34NEUN.svs,Neuron,Layer1,1486.3,1872.3,Layer1,26.461292485440023
A22-312CD34NEUN.svs,Neuron,Layer1,1888.2,1873.8,Layer1,115.2824791544666
A22-312CD34NEUN.svs,Neuron,Layer1,1694.9,1874.5,Layer1,62.699681019922316
A22-312CD34NEUN.svs,Neuron,Layer1,2268.0,1873.3,Layer1,148.18292749166503
A22-312CD34NEUN.svs,Neuron,Layer1,1576.0,1880.0,Layer1,93.39132722046519
A22-312CD34NEUN.svs,Neuron,Layer1,1609.1,1879.6,Layer1,118.84653970562205
A22-312CD34NEUN.svs,Neuron,Layer1,1857.6,1881.0,Layer1,92.19680037832117
A22-312CD34NEUN.svs,Neuron,Layer1,2475.4,1883.3,Layer1,67.40400581567827
A22-312CD34NEUN.svs,Neuron,Layer1,1465.7,1890.0,Layer1,20.715453169071612
A22-312CD34NEUN.svs,Neuron,Layer1,2100.9,1890.4,Layer1,311.84213955140837
A22-312CD34NEUN.svs,Neuron,Layer1,2362.7,1899.8,Layer1,50.11985634456704
A22-312CD34NEUN.svs,Neuron,Layer1,1526.9,1902.7,Layer1,42.588261293459816
A22-312CD34NEUN.svs,Neuron,Layer1,2090.7,1911.2,Layer1,319.1789780045045
A22-312CD34NEUN.svs,Neuron,Layer1,1484.3,1911.5,Layer1,10.929318368498645
A22-312CD34NEUN.svs,Neuron,Layer1,2209.5,1922.2,Layer1,203.3688275031355
A22-312CD34NEUN.svs,Neuron,Layer1,2164.7,1933.8,Layer1,249.04618045655744
A22-312CD34NEUN.svs,Neuron,Layer1,2560.1,1821.4,Layer1,138.3116770196933
A22-312CD34NEUN.svs,Neuron,Layer1,2591.6,1844.8,Layer1,101.64551146017216
A22-312CD34NEUN.svs,Neuron,Layer1,2497.1,1855.4,Layer1,99.26530108753987
A22-312CD34NEUN.svs,Neuron,Layer1,2695.2,1860.6,Layer1,55.93612428475905
A22-312CD34NEUN.svs,Neuron,Layer1,2535.6,1867.0,Layer1,124.53212436957773
A22-312CD34NEUN.svs,Neuron,Layer1,2699.4,1913.3,Layer1,33.777063223436116
A22-312CD34NEUN.svs,Neuron,Layer1,2591.3,1922.4,Layer1,50.69832344367968
A22-312CD34NEUN.svs,Neuron,Layer1,2868.4,1926.8,Layer1,78.0216636582431
A22-312CD34NEUN.svs,Neuron,Layer1,2624.8,1932.5,Layer1,15.95305613354345
A22-312CD34NEUN.svs,Neuron,Layer1,2808.9,1961.3,Layer1,30.935578223139732
A22-312CD34NEUN.svs,Neuron,Layer1,2839.1,1982.8,Layer1,25.563450471327258
A22-312CD34NEUN.svs,Neuron,Layer1,2781.8,1989.8,Layer1,43.60011467874818
A22-312CD34NEUN.svs,Neuron,Layer1,2679.9,1989.7,Layer1,51.003725354134886
A22-312CD34NEUN.svs,Neuron,Layer1,3101.2,2057.9,Layer1,82.14913267953592
A22-312CD34NEUN.svs,Neuron,Layer1,2958.2,2056.7,Layer1,41.62030754331351
A22-312CD34NEUN.svs,Neuron,Layer1,2891.9,2073.0,Layer1,50.78917207437051
A22-312CD34NEUN.svs,Neuron,Layer1,2971.7,2074.9,Layer1,48.99979591794204
A22-312CD34NEUN.svs,Neuron,Layer1,3071.5,2106.2,Layer1,57.836407218983084
A22-312CD34NEUN.svs,Neuron,Layer1,3162.6,2106.9,Layer1,92.26228915434505
A22-312CD34NEUN.svs,Neuron,Layer1,2937.3,2161.7,Layer1,55.59802154753352
A22-312CD34NEUN.svs,Neuron,Layer1,3162.7,2170.0,Layer1,45.12704289004568
A22-312CD34NEUN.svs,Neuron,Layer1,2991.2,2193.4,Layer1,55.040439678476645
A22-312CD34NEUN.svs,Neuron,Layer1,3209.9,2205.0,Layer1,16.66283289239871
A22-312CD34NEUN.svs,Neuron,Layer1,3296.9,2216.0,Layer1,97.22473964994708
A22-312CD34NEUN.svs,Neuron,Layer1,3102.0,2219.6,Layer1,68.88962185989959
A22-312CD34NEUN.svs,Neuron,Layer1,3015.4,2229.8,Layer1,11.715374513859981
A22-312CD34NEUN.svs,Neuron,Layer1,3183.5,2231.3,Layer1,13.98463442496802
A22-312CD34NEUN.svs,Neuron,Layer1,3298.2,2244.9,Layer1,109.49228283308364
A22-312CD34NEUN.svs,Neuron,Layer1,3182.0,2248.9,Layer1,30.54766766874352
A22-312CD34NEUN.svs,Neuron,Layer1,3283.5,2249.5,Layer1,96.54931382459438
A22-312CD34NEUN.svs,Neuron,Layer1,3300.7,2255.8,Layer1,114.85477787188475
A22-312CD34NEUN.svs,Neuron,Layer1,3229.2,2261.3,Layer1,55.92602256552848
A22-312CD34NEUN.svs,Neuron,Layer1,3258.8,2261.7,Layer1,79.13962345121446
A22-312CD34NEUN.svs,Neuron,Layer1,3303.1,2271.1,Layer1,122.69347985936326
A22-312CD34NEUN.svs,Neuron,Layer1,3247.1,2287.0,Layer1,67.09135562797938
A22-312CD34NEUN.svs,Neuron,Layer1,3277.4,2303.6,Layer1,97.84298646300637
A22-312CD34NEUN.svs,Neuron,Layer1,3312.3,2327.6,Layer1,112.40533795154028
A22-312CD34NEUN.svs,Neuron,Layer1,3269.3,2330.6,Layer1,86.63324996789665
A22-312CD34NEUN.svs,Neuron,Layer1,3352.7,2339.4,Layer1,97.46896942104158
A22-312CD34NEUN.svs,Neuron,Layer1,3279.7,2351.9,Layer1,99.85334245782668
A22-312CD34NEUN.svs,Neuron,Layer1,3298.8,2380.6,Layer1,69.98292648925157
A22-312CD34NEUN.svs,Neuron,Layer1,3361.3,2385.7,Layer1,54.31620384378864
A22-312CD34NEUN.svs,Neuron,Layer1,3295.5,2407.7,Layer1,53.943396259412665
A22-312CD34NEUN.svs,Neuron,Layer1,3203.7,2412.6,Layer1,77.52418977325722
A22-312CD34NEUN.svs,Neuron,Layer1,3276.3,2420.9,Layer1,50.64780350617361
A22-312CD34NEUN.svs,Neuron,Layer1,3383.1,2453.9,Layer1,45.39306114374737
A22-312CD34NEUN.svs,Neuron,Layer1,3289.7,2476.0,Layer1,12.452309022827789
A22-312CD34NEUN.svs,Neuron,Layer1,3396.4,2505.1,Layer1,29.80016778476274
A22-312CD34NEUN.svs,Neuron,Layer1,3363.1,2511.0,Layer1,40.907823212681734
A22-312CD34NEUN.svs,Neuron,Layer1,3335.4,2522.8,Layer1,61.38876118639283
A22-312CD34NEUN.svs,Neuron,Layer1,3286.7,2541.0,Layer1,74.9870655513335
A22-312CD34NEUN.svs,Neuron,Layer1,3239.8,2563.3,Layer1,73.99513497521274
A22-312CD34NEUN.svs,Neuron,Layer1,3287.6,2637.3,Layer1,16.27882059609997
A22-312CD34NEUN.svs,Neuron,Layer1,3356.9,2779.0,Layer1,105.71702795671098
A22-312CD34NEUN.svs,Neuron,Layer1,3979.8,1752.0,Layer1,41.35408081435254
A22-312CD34NEUN.svs,Neuron,Layer1,3961.8,1810.7,Layer1,40.94972527380381
A22-312CD34NEUN.svs,Neuron,Layer1,4166.9,1811.1,Layer1,22.102036105299668
A22-312CD34NEUN.svs,Neuron,Layer1,3970.6,1839.0,Layer1,20.42473990042466
A22-312CD34NEUN.svs,Neuron,Layer1,3932.9,1864.8,Layer1,25.26697449240792
A22-312CD34NEUN.svs,Neuron,Layer1,3948.0,1868.9,Layer1,18.973665961010276
A22-312CD34NEUN.svs,Neuron,Layer1,3898.7,1906.2,Layer1,54.50944872221702
A22-312CD34NEUN.svs,Neuron,Layer1,3961.1,1910.5,Layer1,60.021412845750206
A22-312CD34NEUN.svs,Neuron,Layer1,3872.8,1949.8,Layer1,33.42528982671641
A22-312CD34NEUN.svs,Neuron,Layer1,3906.5,1960.1,Layer1,2.0223748416156955
A22-312CD34NEUN.svs,Neuron,Layer1,3782.8,2100.3,Layer1,164.31387646817896
A22-312CD34NEUN.svs,Neuron,Layer1,3857.8,2148.2,Layer1,108.83106174250052
A22-312CD34NEUN.svs,Neuron,Layer1,3954.1,2156.5,Layer1,66.28793253677459
A22-312CD34NEUN.svs,Neuron,Layer1,3762.2,2167.0,Layer1,151.66756409990904
A22-312CD34NEUN.svs,Neuron,Layer1,3759.7,2222.0,Layer1,111.12740436094074
A22-312CD34NEUN.svs,Neuron,Layer1,3738.8,2230.0,Layer1,123.20377429283556
A22-312CD34NEUN.svs,Neuron,Layer1,3923.3,2264.5,Layer1,34.365680554879106
A22-312CD34NEUN.svs,Neuron,Layer1,3945.0,2307.9,Layer1,19.1637678967368
A22-312CD34NEUN.svs,Neuron,Layer1,3931.6,2350.4,Layer1,30.63657944353432
A22-312CD34NEUN.svs,Neuron,Layer1,3895.0,2383.0,Layer1,20.06888138387397
A22-312CD34NEUN.svs,Neuron,Layer1,3750.2,2461.4,Layer1,74.52603571906909
A22-312CD34NEUN.svs,Neuron,Layer1,3901.1,2510.8,Layer1,88.05095115897377
A22-312CD34NEUN.svs,Neuron,Layer1,3858.0,2703.4,Layer1,110.42934392633141
A22-312CD34NEUN.svs,Neuron,Layer1,8036.7,1749.5,Layer1,45.384138198273405
A22-312CD34NEUN.svs,Neuron,Layer1,8315.3,1982.0,Layer1,53.42901833273894
A22-312CD34NEUN.svs,Neuron,Layer1,8292.2,1997.3,Layer1,79.34632946772017
A22-312CD34NEUN.svs,Neuron,Layer1,8323.2,2067.5,Layer1,34.93565513912659
A22-312CD34NEUN.svs,Neuron,Layer1,8399.5,2184.7,Layer1,48.47370421166533
A22-312CD34NEUN.svs,Neuron,Layer1,8368.2,2208.8,Layer1,50.75509826608594
A22-312CD34NEUN.svs,Neuron,Layer1,8470.6,2254.1,Layer1,33.31606219228179
A22-312CD34NEUN.svs,Neuron,Layer1,8492.2,2257.2,Layer1,26.416850682850374
A22-312CD34NEUN.svs,Neuron,Layer1,8528.7,2289.5,Layer1,42.18826851151943
A22-312CD34NEUN.svs,Neuron,Layer1,8458.9,2323.0,Layer1,28.86832173854273
A22-312CD34NEUN.svs,Neuron,Layer1,8438.7,2346.7,Layer1,26.305322655310363
A22-312CD34NEUN.svs,Neuron,Layer1,8495.8,2616.0,Layer1,52.308699085334894
A22-312CD34NEUN.svs,Neuron,Layer1,8538.1,2715.5,Layer1,73.03786689108694
A22-312CD34NEUN.svs,Neuron,Layer1,9557.4,1869.6,Layer1,54.022402760336504
A22-312CD34NEUN.svs,Neuron,Layer1,9524.0,1896.3,Layer1,68.60357133560896
A22-312CD34NEUN.svs,Neuron,Layer1,9380.5,1960.3,Layer1,59.04879338310006
A22-312CD34NEUN.svs,Neuron,Layer1,9202.3,2034.9,Layer1,40.79460748677488
A22-312CD34NEUN.svs,Neuron,Layer1,9077.5,2097.6,Layer1,30.193542355940497
A22-312CD34NEUN.svs,Neuron,Layer1,8958.4,2173.2,Layer1,19.082190649922307
A22-312CD34NEUN.svs,Neuron,Layer1,9115.2,2297.9,Layer1,148.87645885095512
A22-312CD34NEUN.svs,Neuron,Layer1,9126.4,2311.7,Layer1,142.5872715216895
A22-312CD34NEUN.svs,Neuron,Layer1,8922.5,2341.6,Layer1,108.63268384791007
A22-312CD34NEUN.svs,Neuron,Layer1,8962.4,2391.2,Layer1,49.71327790439898
A22-312CD34NEUN.svs,Neuron,Layer1,8947.4,2404.3,Layer1,41.34150456865337
A22-312CD34NEUN.svs,Neuron,Layer1,8890.0,2422.3,Layer1,79.167922797052
A22-312CD34NEUN.svs,Neuron,Layer1,8932.4,2509.9,Layer1,77.36795202149312
A22-312CD34NEUN.svs,Neuron,Layer1,9013.1,2519.6,Layer1,88.71826193067565
A22-312CD34NEUN.svs,Neuron,Layer1,8977.7,2538.1,Layer1,97.9859683832335
A22-312CD34NEUN.svs,Neuron,Layer1,9023.0,2560.2,Layer1,127.32831578246835
A22-312CD34NEUN.svs,Neuron,Layer1,9039.8,2563.6,Layer1,123.79248765575416
A22-312CD34NEUN.svs,Neuron,Layer1,9029.9,2645.3,Layer1,54.01666409544329
A22-312CD34NEUN.svs,Neuron,Layer1,9022.6,2652.2,Layer1,44.032033793591985
A22-312CD34NEUN.svs,Neuron,Layer1,8607.1,2706.4,Layer1,137.53025121768638
A22-312CD34NEUN.svs,Neuron,Layer1,8874.7,2785.0,Layer1,42.22321636256419
A22-312CD34NEUN.svs,Neuron,Layer1,15718.1,2450.9,Layer1,55.75491009767651
A22-312CD34NEUN.svs,Neuron,Layer1,15655.4,2632.6,Layer1,80.62660851108713
A22-312CD34NEUN.svs,Neuron,Layer1,15665.7,2642.9,Layer1,66.07942191030406
A22-312CD34NEUN.svs,Neuron,Layer1,15637.0,2683.6,Layer1,66.460589825851
A22-312CD34NEUN.svs,Neuron,Layer1,15608.7,2722.5,Layer1,64.50961168694097
A22-312CD34NEUN.svs,Neuron,Layer1,15799.3,1767.9,Layer1,23.281322986462868
A22-312CD34NEUN.svs,Neuron,Layer1,15929.9,1895.4,Layer1,67.50407395113169
A22-312CD34NEUN.svs,Neuron,Layer1,15775.6,1912.3,Layer1,55.55411775917232
A22-312CD34NEUN.svs,Neuron,Layer1,15770.4,1956.5,Layer1,45.82062854217458
A22-312CD34NEUN.svs,Neuron,Layer1,15957.2,2005.9,Layer1,126.86374580627863
A22-312CD34NEUN.svs,Neuron,Layer1,16703.9,2020.1,Layer1,68.5720788659651
A22-312CD34NEUN.svs,Neuron,Layer1,15837.5,2029.7,Layer1,21.497906874856348
A22-312CD34NEUN.svs,Neuron,Layer1,16649.5,2083.8,Layer1,35.16276439644496
A22-312CD34NEUN.svs,Neuron,Layer1,16633.3,2107.8,Layer1,35.40536682481842
A22-312CD34NEUN.svs,Neuron,Layer1,15908.6,2137.4,Layer1,86.33944637302234
A22-312CD34NEUN.svs,Neuron,Layer1,16625.2,2161.4,Layer1,72.27205545714071
A22-312CD34NEUN.svs,Neuron,Layer1,16594.6,2189.6,Layer1,96.51243443204594
A22-312CD34NEUN.svs,Neuron,Layer1,16508.2,2212.7,Layer1,64.13774239868523
A22-312CD34NEUN.svs,Neuron,Layer1,15947.2,2246.8,Layer1,14.616771189288343
A22-312CD34NEUN.svs,Neuron,Layer1,16518.8,2256.1,Layer1,105.05660379052793
A22-312CD34NEUN.svs,Neuron,Layer1,16160.9,2613.8,Layer1,103.45095456301983
A22-312CD34NEUN.svs,Neuron,Layer1,17490.1,1760.1,Layer1,49.867925563432166
A22-312CD34NEUN.svs,Neuron,Layer1,17263.6,1762.8,Layer1,81.18035476640885
A22-312CD34NEUN.svs,Neuron,Layer1,17645.5,1806.5,Layer1,32.01515266244989
A22-312CD34NEUN.svs,Neuron,Layer1,17371.5,1820.1,Layer1,32.64751139060993
A22-312CD34NEUN.svs,Neuron,Layer1,17050.0,1902.2,Layer1,25.681316165648173
A22-312CD34NEUN.svs,Neuron,Layer1,17057.8,1916.8,Layer1,9.202716990106824
A22-312CD34NEUN.svs,Neuron,Layer1,16998.7,2010.6,Layer1,47.54881701998514
A22-312CD34NEUN.svs,Neuron,Layer1,18738.6,1767.2,Layer1,104.75237467475326
A22-312CD34NEUN.svs,Neuron,Layer1,18789.9,1780.6,Layer1,138.42633419981937
A22-312CD34NEUN.svs,Neuron,Layer1,18283.0,1786.7,Layer1,42.6395356447508
A22-312CD34NEUN.svs,Neuron,Layer1,17805.1,1827.2,Layer1,85.49040881876886
A22-312CD34NEUN.svs,Neuron,Layer1,17854.3,1839.7,Layer1,79.5956028936273
A22-312CD34NEUN.svs,Neuron,Layer1,18902.1,1766.0,Layer1,72.74957044546724
A22-312CD34NEUN.svs,Neuron,Layer1,19110.3,1807.1,Layer1,52.974050251042556
A22-312CD34NEUN.svs,Neuron,Layer1,19153.9,1812.6,Layer1,47.74484265342051
A22-312CD34NEUN.svs,Neuron,Layer1,3275.9,2848.2,Layer1,57.471123183734576
A22-312CD34NEUN.svs,Neuron,Layer1,3436.7,2910.7,Layer1,49.761832763675315
A22-312CD34NEUN.svs,Neuron,Layer1,3365.4,2944.2,Layer1,2.195449840010048
A22-312CD34NEUN.svs,Neuron,Layer1,3282.0,2953.4,Layer1,21.31783291050002
A22-312CD34NEUN.svs,Neuron,Layer1,3439.2,3336.1,Layer1,67.68456249396911
A22-312CD34NEUN.svs,Neuron,Layer1,3878.2,2799.4,Layer1,44.34974633523814
A22-312CD34NEUN.svs,Neuron,Layer1,3754.8,2876.2,Layer1,14.893287078411879
A22-312CD34NEUN.svs,Neuron,Layer1,3788.8,3274.1,Layer1,64.35409854857731
A22-312CD34NEUN.svs,Neuron,Layer1,8592.8,2948.5,Layer1,53.90454526289931
A22-312CD34NEUN.svs,Neuron,Layer1,8578.2,2950.8,Layer1,39.33255648950481
A22-312CD34NEUN.svs,Neuron,Layer1,8422.8,2962.0,Layer1,69.67481611027152
A22-312CD34NEUN.svs,Neuron,Layer1,8389.5,3061.9,Layer1,46.18062364238904
A22-312CD34NEUN.svs,Neuron,Layer1,8588.0,3108.6,Layer1,18.18598361376157
A22-312CD34NEUN.svs,Neuron,Layer1,8465.3,3181.7,Layer1,12.5
A22-312CD34NEUN.svs,Neuron,Layer1,8541.3,3259.5,Layer1,71.15370686057028
A22-312CD34NEUN.svs,Neuron,Layer1,8500.8,3372.3,Layer1,96.59197689249315
A22-312CD34NEUN.svs,Neuron,Layer1,8515.9,3395.6,Layer1,116.24013936674385
A22-312CD34NEUN.svs,Neuron,Layer1,8483.7,3576.4,Layer1,60.36223985241212
A22-312CD34NEUN.svs,Neuron,Layer1,8395.1,3638.7,Layer1,52.892816147374745
A22-312CD34NEUN.svs,Neuron,Layer1,8334.2,3725.2,Layer1,26.882894189429305
A22-312CD34NEUN.svs,Neuron,Layer1,8264.2,3791.8,Layer1,39.27709256042187
A22-312CD34NEUN.svs,Neuron,Layer1,8628.9,2750.2,Layer1,127.5921627687219
A22-312CD34NEUN.svs,Neuron,Layer1,8784.4,2910.3,Layer1,31.620562929840773
A22-312CD34NEUN.svs,Neuron,Layer1,8582.2,2930.7,Layer1,47.08651611661341
A22-312CD34NEUN.svs,Neuron,Layer1,8939.7,2934.3,Layer1,88.33232703829357
A22-312CD34NEUN.svs,Neuron,Layer1,8707.9,3031.6,Layer1,89.50273738830562
A22-312CD34NEUN.svs,Neuron,Layer1,8841.4,3102.1,Layer1,43.0935029905908
A22-312CD34NEUN.svs,Neuron,Layer1,8910.0,3113.8,Layer1,58.47546494043428
A22-312CD34NEUN.svs,Neuron,Layer1,8899.9,3300.8,Layer1,46.106940909151525
A22-312CD34NEUN.svs,Neuron,Layer1,8900.8,3392.6,Layer1,25.912352266823195
A22-312CD34NEUN.svs,Neuron,Layer1,8889.3,3410.8,Layer1,14.235870187662037
A22-312CD34NEUN.svs,Neuron,Layer1,8850.3,3426.9,Layer1,35.785052745525945
A22-312CD34NEUN.svs,Neuron,Layer1,8901.1,3504.2,Layer1,49.19400369963816
A22-312CD34NEUN.svs,Neuron,Layer1,8910.5,3557.0,Layer1,27.11549372591177
A22-312CD34NEUN.svs,Neuron,Layer1,8877.6,3589.1,Layer1,39.25875698490708
A22-312CD34NEUN.svs,Neuron,Layer1,8910.5,3606.7,Layer1,62.14000321853815
A22-312CD34NEUN.svs,Neuron,Layer1,8886.7,3605.3,Layer1,54.95689219743061
A22-312CD34NEUN.svs,Neuron,Layer1,8847.9,3613.4,Layer1,72.70962797319265
A22-312CD34NEUN.svs,Neuron,Layer1,8900.2,3656.1,Layer1,96.04217823435732
A22-312CD34NEUN.svs,Neuron,Layer1,8680.8,3663.0,Layer1,157.14757395518401
A22-312CD34NEUN.svs,Neuron,Layer1,8906.4,3718.6,Layer1,36.14872058593495
A22-312CD34NEUN.svs,Neuron,Layer1,8876.6,3755.4,Layer1,15.91257364476279
A22-312CD34NEUN.svs,Neuron,Layer1,8666.8,3758.9,Layer1,164.76413444679048
A22-312CD34NEUN.svs,Neuron,Layer1,8889.6,3768.1,Layer1,16.49060338495809
A22-312CD34NEUN.svs,Neuron,Layer1,14986.7,3569.7,Layer1,43.1764982368879
A22-312CD34NEUN.svs,Neuron,Layer1,14943.0,3637.2,Layer1,65.59817070620215
A22-312CD34NEUN.svs,Neuron,Layer1,14885.3,3694.0,Layer1,21.973848092676295
A22-312CD34NEUN.svs,Neuron,Layer1,16062.7,2843.7,Layer1,65.1310217945349
A22-312CD34NEUN.svs,Neuron,Layer1,8413.1,3849.9,Layer1,93.96089612173814
A22-312CD34NEUN.svs,Neuron,Layer1,8372.5,3859.4,Layer1,78.72001016260073
A22-312CD34NEUN.svs,Neuron,Layer1,8368.3,3889.8,Layer1,49.38177801578239
A22-312CD34NEUN.svs,Neuron,Layer1,8213.7,3941.7,Layer1,101.98455765457784
A22-312CD34NEUN.svs,Neuron,Layer1,8249.1,3982.0,Layer1,59.421629058786465
A22-312CD34NEUN.svs,Neuron,Layer1,8313.1,3997.1,Layer1,72.54219461802903
A22-312CD34NEUN.svs,Neuron,Layer1,8318.2,4018.9,Layer1,69.03513598161553
A22-312CD34NEUN.svs,Neuron,Layer1,8098.9,4053.6,Layer1,69.90915533748074
A22-312CD34NEUN.svs,Neuron,Layer1,8092.7,4067.3,Layer1,70.69087635614635
A22-312CD34NEUN.svs,Neuron,Layer1,8079.6,4106.2,Layer1,83.79606195997441
A22-312CD34NEUN.svs,Neuron,Layer1,8304.9,4114.6,Layer1,89.87151940409167
A22-312CD34NEUN.svs,Neuron,Layer1,8295.0,4126.6,Layer1,95.12360380052924
A22-312CD34NEUN.svs,Neuron,Layer1,8207.0,4215.7,Layer1,52.92126226763645
A22-312CD34NEUN.svs,Neuron,Layer1,7992.1,4272.4,Layer1,136.93356053210536
A22-312CD34NEUN.svs,Neuron,Layer1,8200.0,4270.0,Layer1,107.3409986910871
A22-312CD34NEUN.svs,Neuron,Layer1,8114.8,4297.6,Layer1,97.0908852570621
A22-312CD34NEUN.svs,Neuron,Layer1,8185.1,4301.6,Layer1,125.50398400050892
A22-312CD34NEUN.svs,Neuron,Layer1,8161.7,4319.2,Layer1,129.1401177016647
A22-312CD34NEUN.svs,Neuron,Layer1,8071.0,4332.5,Layer1,137.18199590325216
A22-312CD34NEUN.svs,Neuron,Layer1,8145.9,4370.0,Layer1,173.03886846601785
A22-312CD34NEUN.svs,Neuron,Layer1,8128.5,4397.6,Layer1,197.81155173548382
A22-312CD34NEUN.svs,Neuron,Layer1,8112.4,4400.0,Layer1,195.7162486867142
A22-312CD34NEUN.svs,Neuron,Layer1,8121.6,4411.4,Layer1,201.78872614692838
A22-312CD34NEUN.svs,Neuron,Layer1,8053.5,4503.4,Layer1,137.652097695603
A22-312CD34NEUN.svs,Neuron,Layer1,8007.3,4507.9,Layer1,98.11793923641025
A22-312CD34NEUN.svs,Neuron,Layer1,7950.7,4517.1,Layer1,60.60008250819406
A22-312CD34NEUN.svs,Neuron,Layer1,8035.2,4523.1,Layer1,125.12681567114157
A22-312CD34NEUN.svs,Neuron,Layer1,7956.8,4576.7,Layer1,39.07019324241926
A22-312CD34NEUN.svs,Neuron,Layer1,7993.0,4586.3,Layer1,76.49967320191605
A22-312CD34NEUN.svs,Neuron,Layer1,8007.8,4586.7,Layer1,91.03779434937975
A22-312CD34NEUN.svs,Neuron,Layer1,8046.6,4586.1,Layer1,129.20433429262354
A22-312CD34NEUN.svs,Neuron,Layer1,8020.8,4588.0,Layer1,104.04369274492309
A22-312CD34NEUN.svs,Neuron,Layer1,7937.8,4626.8,Layer1,61.3802085366286
A22-312CD34NEUN.svs,Neuron,Layer1,7944.5,4659.8,Layer1,94.90258162979559
A22-312CD34NEUN.svs,Neuron,Layer1,7802.1,4664.8,Layer1,51.83222935587496
A22-312CD34NEUN.svs,Neuron,Layer1,7787.7,4713.5,Layer1,9.217917335276542
A22-312CD34NEUN.svs,Neuron,Layer1,7874.3,4715.0,Layer1,95.57960033396246
A22-312CD34NEUN.svs,Neuron,Layer1,7901.2,4740.9,Layer1,125.97539442287874
A22-312CD34NEUN.svs,Neuron,Layer1,7885.4,4743.2,Layer1,111.3282084648803
A22-312CD34NEUN.svs,Neuron,Layer1,8653.7,3859.6,Layer1,117.92370414806243
A22-312CD34NEUN.svs,Neuron,Layer1,8886.1,3915.9,Layer1,77.22408950580119
A22-312CD34NEUN.svs,Neuron,Layer1,8860.4,3918.4,Layer1,57.60295131327848
A22-312CD34NEUN.svs,Neuron,Layer1,8882.1,4032.0,Layer1,85.49549695744275
A22-312CD34NEUN.svs,Neuron,Layer1,8882.0,4042.0,Layer1,89.6529419483825
A22-312CD34NEUN.svs,Neuron,Layer1,8875.3,4069.6,Layer1,100.56739034100421
A22-312CD34NEUN.svs,Neuron,Layer1,8862.8,4070.9,Layer1,92.96891953766024
A22-312CD34NEUN.svs,Neuron,Layer1,8644.3,4258.9,Layer1,102.48653570103782
A22-312CD34NEUN.svs,Neuron,Layer1,8791.7,4257.1,Layer1,65.33421768108944
A22-312CD34NEUN.svs,Neuron,Layer1,8856.2,4365.0,Layer1,72.06122396962279
A22-312CD34NEUN.svs,Neuron,Layer1,8850.1,4485.8,Layer1,40.25170803829322
A22-312CD34NEUN.svs,Neuron,Layer1,8858.3,4585.6,Layer1,94.05684451436743
A22-312CD34NEUN.svs,Neuron,Layer1,8869.7,4610.1,Layer1,86.6117774901314
A22-312CD34NEUN.svs,Neuron,Layer1,8647.0,4657.7,Layer1,30.918117665860766
A22-312CD34NEUN.svs,Neuron,Layer1,8856.8,4700.6,Layer1,31.260518229869287
A22-312CD34NEUN.svs,Neuron,Layer1,8865.8,4825.8,Layer1,80.54818433707872
A22-312CD34NEUN.svs,Neuron,Layer1,12596.8,4321.2,Layer1,28.276668827851637
A22-312CD34NEUN.svs,Neuron,Layer1,12480.6,4364.7,Layer1,52.94298820429359
A22-312CD34NEUN.svs,Neuron,Layer1,12471.8,4403.7,Layer1,35.794552658191314
A22-312CD34NEUN.svs,Neuron,Layer1,12575.0,4521.7,Layer1,81.48631786993498
A22-312CD34NEUN.svs,Neuron,Layer1,12697.0,4768.9,Layer1,60.11763468400835
A22-312CD34NEUN.svs,Neuron,Layer1,12726.0,4214.1,Layer1,90.0191090824608
A22-312CD34NEUN.svs,Neuron,Layer1,12928.5,4213.1,Layer1,36.00138886209778
A22-312CD34NEUN.svs,Neuron,Layer1,12901.9,4242.2,Layer1,30.078730026383536
A22-312CD34NEUN.svs,Neuron,Layer1,12797.3,4328.4,Layer1,31.970767898190385
A22-312CD34NEUN.svs,Neuron,Layer1,13137.4,4330.9,Layer1,39.50012658207566
A22-312CD34NEUN.svs,Neuron,Layer1,13412.6,4361.1,Layer1,41.51240778369848
A22-312CD34NEUN.svs,Neuron,Layer1,12866.3,4362.3,Layer1,92.91383104791144
A22-312CD34NEUN.svs,Neuron,Layer1,12968.0,4370.7,Layer1,18.764061394058384
A22-312CD34NEUN.svs,Neuron,Layer1,13141.6,4380.3,Layer1,20.802163349036757
A22-312CD34NEUN.svs,Neuron,Layer1,13242.6,4412.5,Layer1,12.808200498118937
A22-312CD34NEUN.svs,Neuron,Layer1,13445.5,4425.5,Layer1,89.7332157007657
A22-312CD34NEUN.svs,Neuron,Layer1,12669.4,4473.4,Layer1,50.20159360020339
A22-312CD34NEUN.svs,Neuron,Layer1,12692.5,4548.4,Layer1,99.45149571524878
A22-312CD34NEUN.svs,Neuron,Layer1,14350.3,4135.9,Layer1,41.07858322776155
A22-312CD34NEUN.svs,Neuron,Layer1,14387.3,4146.8,Layer1,2.9832867780363266
A22-312CD34NEUN.svs,Neuron,Layer1,14289.4,4165.7,Layer1,31.890437438203264
A22-312CD34NEUN.svs,Neuron,Layer1,14232.2,4193.8,Layer1,35.55784020437657
A22-312CD34NEUN.svs,Neuron,Layer1,14062.5,4257.1,Layer1,52.953186872934545
A22-312CD34NEUN.svs,Neuron,Layer1,14686.4,4261.6,Layer1,65.65439817712138
A22-312CD34NEUN.svs,Neuron,Layer1,14633.7,4287.2,Layer1,44.24759880490668
A22-312CD34NEUN.svs,Neuron,Layer1,13755.7,4348.2,Layer1,80.65977932030273
A22-312CD34NEUN.svs,Neuron,Layer1,14389.8,4542.6,Layer1,36.009026646107436
A22-312CD34NEUN.svs,Neuron,Layer1,14395.3,4555.1,Layer1,45.064953123242866
A22-312CD34NEUN.svs,Neuron,Layer1,14263.4,4670.6,Layer1,35.16048918886053
A22-312CD34NEUN.svs,Neuron,Layer1,14364.4,4695.9,Layer1,22.217110523198414
A22-312CD34NEUN.svs,Neuron,Layer1,14167.5,4803.3,Layer1,53.14028603611373
A22-312CD34NEUN.svs,Neuron,Layer1,14796.5,3769.9,Layer1,31.484122982861948
A22-312CD34NEUN.svs,Neuron,Layer1,14725.3,3805.5,Layer1,30.266152712230273
A22-312CD34NEUN.svs,Neuron,Layer1,15105.6,4065.7,Layer1,31.87051929291408
A22-312CD34NEUN.svs,Neuron,Layer1,14888.1,4187.9,Layer1,35.300424926621425
A22-312CD34NEUN.svs,Neuron,Layer1,6528.9,5641.8,Layer1,12.745587471748395
A22-312CD34NEUN.svs,Neuron,Layer1,6520.0,5659.6,Layer1,7.155417527999734
A22-312CD34NEUN.svs,Neuron,Layer1,6509.1,5669.0,Layer1,21.176638071232894
A22-312CD34NEUN.svs,Neuron,Layer1,6564.9,5681.9,Layer1,47.7378256731501
A22-312CD34NEUN.svs,Neuron,Layer1,6516.1,5693.1,Layer1,40.52678126868745
A22-312CD34NEUN.svs,Neuron,Layer1,6543.3,5687.9,Layer1,40.10112217881193
A22-312CD34NEUN.svs,Neuron,Layer1,6550.3,5716.9,Layer1,28.820131852578633
A22-312CD34NEUN.svs,Neuron,Layer1,6513.3,5741.6,Layer1,26.483391021543646
A22-312CD34NEUN.svs,Neuron,Layer1,7595.5,5109.3,Layer1,82.87562971103195
A22-312CD34NEUN.svs,Neuron,Layer1,7355.9,5169.9,Layer1,24.953757232127696
A22-312CD34NEUN.svs,Neuron,Layer1,7516.8,5192.8,Layer1,114.36266873416382
A22-312CD34NEUN.svs,Neuron,Layer1,7187.9,5221.7,Layer1,29.08229702069608
A22-312CD34NEUN.svs,Neuron,Layer1,7511.9,5236.8,Layer1,103.18047295879198
A22-312CD34NEUN.svs,Neuron,Layer1,7338.9,5246.8,Layer1,16.249615380064075
A22-312CD34NEUN.svs,Neuron,Layer1,7174.1,5266.9,Layer1,18.843035848821973
A22-312CD34NEUN.svs,Neuron,Layer1,7397.9,5284.7,Layer1,55.10898293381942
A22-312CD34NEUN.svs,Neuron,Layer1,7255.2,5293.4,Layer1,46.9579599216154
A22-312CD34NEUN.svs,Neuron,Layer1,7416.2,5340.4,Layer1,109.94262139861848
A22-312CD34NEUN.svs,Neuron,Layer1,7358.9,5379.1,Layer1,91.87295575956979
A22-312CD34NEUN.svs,Neuron,Layer1,7133.6,5395.7,Layer1,54.20747180970468
A22-312CD34NEUN.svs,Neuron,Layer1,7295.9,5398.0,Layer1,43.07261310856279
A22-312CD34NEUN.svs,Neuron,Layer1,6968.4,5404.0,Layer1,64.31236273066042
A22-312CD34NEUN.svs,Neuron,Layer1,7168.4,5404.1,Layer1,56.44368875259678
A22-312CD34NEUN.svs,Neuron,Layer1,6927.9,5423.7,Layer1,86.27131620648962
A22-312CD34NEUN.svs,Neuron,Layer1,6884.0,5436.5,Layer1,74.62311974180692
A22-312CD34NEUN.svs,Neuron,Layer1,6924.2,5462.6,Layer1,53.329541531875094
A22-312CD34NEUN.svs,Neuron,Layer1,6826.0,5482.5,Layer1,26.702996086581933
A22-312CD34NEUN.svs,Neuron,Layer1,7064.6,5512.4,Layer1,57.49330395793915
A22-312CD34NEUN.svs,Neuron,Layer1,6865.5,5526.0,Layer1,37.298927598524706
A22-312CD34NEUN.svs,Neuron,Layer1,7178.2,5533.5,Layer1,58.43842913699824
A22-312CD34NEUN.svs,Neuron,Layer1,6757.8,5542.0,Layer1,60.213785796941735
A22-312CD34NEUN.svs,Neuron,Layer1,6727.2,5555.0,Layer1,73.81720666619667
A22-312CD34NEUN.svs,Neuron,Layer1,6709.7,5569.0,Layer1,52.751587653832736
A22-312CD34NEUN.svs,Neuron,Layer1,6858.9,5603.1,Layer1,68.85230569850224
A22-312CD34NEUN.svs,Neuron,Layer1,7867.4,4805.1,Layer1,129.17414602001404
A22-312CD34NEUN.svs,Neuron,Layer1,7683.5,4841.6,Layer1,38.63935817272293
A22-312CD34NEUN.svs,Neuron,Layer1,7798.2,4893.7,Layer1,108.947326722595
A22-312CD34NEUN.svs,Neuron,Layer1,7773.1,4951.1,Layer1,125.90035742602122
A22-312CD34NEUN.svs,Neuron,Layer1,7715.4,4966.2,Layer1,98.23991042341174
A22-312CD34NEUN.svs,Neuron,Layer1,7743.2,5021.0,Layer1,50.08552685157628
A22-312CD34NEUN.svs,Neuron,Layer1,7718.2,5030.0,Layer1,34.399999999999636
A22-312CD34NEUN.svs,Neuron,Layer1,7613.3,5089.9,Layer1,77.15082630795368
A22-312CD34NEUN.svs,Neuron,Layer1,8693.7,4818.1,Layer1,74.49201299468275
A22-312CD34NEUN.svs,Neuron,Layer1,8833.0,4818.2,Layer1,100.62688507551063
A22-312CD34NEUN.svs,Neuron,Layer1,8634.1,4836.1,Layer1,120.26653732439475
A22-312CD34NEUN.svs,Neuron,Layer1,8876.6,4865.9,Layer1,39.02435137193222
A22-312CD34NEUN.svs,Neuron,Layer1,8862.7,4927.7,Layer1,33.3084073470938
A22-312CD34NEUN.svs,Neuron,Layer1,8760.6,4929.5,Layer1,55.143902654781655
A22-312CD34NEUN.svs,Neuron,Layer1,8881.6,4947.5,Layer1,43.91104644619595
A22-312CD34NEUN.svs,Neuron,Layer1,8766.9,4954.9,Layer1,29.760712357066705
A22-312CD34NEUN.svs,Neuron,Layer1,8861.4,4988.5,Layer1,45.83328484845938
A22-312CD34NEUN.svs,Neuron,Layer1,8870.6,5044.8,Layer1,25.914088832139807
A22-312CD34NEUN.svs,Neuron,Layer1,8869.4,5081.5,Layer1,53.692550693741325
A22-312CD34NEUN.svs,Neuron,Layer1,8874.7,5093.1,Layer1,66.44456335924016
A22-312CD34NEUN.svs,Neuron,Layer1,8847.0,5123.3,Layer1,76.10781825804784
A22-312CD34NEUN.svs,Neuron,Layer1,8785.0,5181.4,Layer1,46.15246472291584
A22-312CD34NEUN.svs,Neuron,Layer1,8891.0,5300.5,Layer1,60.0277435857794
A22-312CD34NEUN.svs,Neuron,Layer1,8776.0,5303.3,Layer1,41.23105625617661
A22-312CD34NEUN.svs,Neuron,Layer1,8778.0,5394.7,Layer1,23.523605165875157
A22-312CD34NEUN.svs,Neuron,Layer1,8892.4,5395.6,Layer1,48.59238623488283
A22-312CD34NEUN.svs,Neuron,Layer1,8912.7,5417.7,Layer1,37.58683280086387
A22-312CD34NEUN.svs,Neuron,Layer1,8907.9,5478.8,Layer1,34.461572802180704
A22-312CD34NEUN.svs,Neuron,Layer1,8910.4,5772.3,Layer1,19.811360377319023
A22-312CD34NEUN.svs,Neuron,Layer1,8884.3,5793.2,Layer1,6.328506932920033
A22-312CD34NEUN.svs,Neuron,Layer1,8875.6,5808.9,Layer1,17.77892010218914
A22-312CD34NEUN.svs,Neuron,Layer1,8704.4,5814.1,Layer1,95.27024719186993
A22-312CD34NEUN.svs,Neuron,Layer1,8813.9,5814.8,Layer1,26.48414620107625
A22-312CD34NEUN.svs,Neuron,Layer1,12894.4,4840.6,Layer1,34.52491853719601
A22-312CD34NEUN.svs,Neuron,Layer1,12853.0,4883.7,Layer1,70.33157185787859
A22-312CD34NEUN.svs,Neuron,Layer1,12823.9,4916.1,Layer1,81.53146631822624
A22-312CD34NEUN.svs,Neuron,Layer1,13188.9,5012.8,Layer1,41.944010299445985
A22-312CD34NEUN.svs,Neuron,Layer1,13008.3,5013.7,Layer1,50.316796400407824
A22-312CD34NEUN.svs,Neuron,Layer1,12902.2,5032.0,Layer1,49.81425498790457
A22-312CD34NEUN.svs,Neuron,Layer1,12981.4,5062.7,Layer1,12.234786471369379
A22-312CD34NEUN.svs,Neuron,Layer1,12942.6,5086.7,Layer1,15.239750654127587
A22-312CD34NEUN.svs,Neuron,Layer1,12953.1,5086.5,Layer1,16.412799883018454
A22-312CD34NEUN.svs,Neuron,Layer1,12954.4,5096.7,Layer1,10.720074626605653
A22-312CD34NEUN.svs,Neuron,Layer1,13007.2,5101.8,Layer1,8.309632964216847
A22-312CD34NEUN.svs,Neuron,Layer1,12980.6,5104.8,Layer1,16.729913329125004
A22-312CD34NEUN.svs,Neuron,Layer1,12970.2,5118.4,Layer1,19.848677537810797
A22-312CD34NEUN.svs,Neuron,Layer1,13230.7,5183.3,Layer1,33.59360058106231
A22-312CD34NEUN.svs,Neuron,Layer1,13223.3,5233.4,Layer1,15.901257811883585
A22-312CD34NEUN.svs,Neuron,Layer1,13328.7,5245.8,Layer1,64.50612374030871
A22-312CD34NEUN.svs,Neuron,Layer1,13315.7,5255.9,Layer1,74.38198706676262
A22-312CD34NEUN.svs,Neuron,Layer1,13264.4,5289.6,Layer1,63.13643955751651
A22-312CD34NEUN.svs,Neuron,Layer1,13508.6,5450.3,Layer1,17.120747647226224
A22-312CD34NEUN.svs,Neuron,Layer1,13706.6,5484.3,Layer1,9.929753269845365
A22-312CD34NEUN.svs,Neuron,Layer1,13528.2,5573.3,Layer1,7.334848328357718
A22-312CD34NEUN.svs,Neuron,Layer1,14164.7,4828.8,Layer1,60.98204653830512
A22-312CD34NEUN.svs,Neuron,Layer1,14135.1,4897.5,Layer1,34.4836192996033
A22-312CD34NEUN.svs,Neuron,Layer1,13983.4,4995.5,Layer1,38.0127610152175
A22-312CD34NEUN.svs,Neuron,Layer1,13984.1,5144.9,Layer1,25.50686182187063
A22-312CD34NEUN.svs,Neuron,Layer1,13751.8,5335.5,Layer1,25.040167731067474
A22-312CD34NEUN.svs,Neuron,Layer1,13852.4,5488.0,Layer1,27.24426545165067
A22-312CD34NEUN.svs,Neuron,Layer1,13819.3,5490.9,Layer1,24.030397416604217
A22-312CD34NEUN.svs,Neuron,Layer1,13830.3,5506.9,Layer1,42.26890109761439
A22-312CD34NEUN.svs,Neuron,Layer1,13736.3,5516.0,Layer1,17.67823520603776
A22-312CD34NEUN.svs,Neuron,Layer1,13764.1,5561.8,Layer1,17.755280904564703
A22-312CD34NEUN.svs,Neuron,Layer1,13755.4,5590.8,Layer1,39.01204942065965
A22-312CD34NEUN.svs,Neuron,Layer1,6394.5,5799.6,Layer1,45.049417310326604
A22-312CD34NEUN.svs,Neuron,Layer1,6343.3,5857.6,Layer1,36.41771546926015
A22-312CD34NEUN.svs,Neuron,Layer1,6423.8,5865.9,Layer1,54.70658095695666
A22-312CD34NEUN.svs,Neuron,Layer1,6284.7,5889.5,Layer1,30.413319450529638
A22-312CD34NEUN.svs,Neuron,Layer1,6280.2,5901.5,Layer1,17.8807158693375
A22-312CD34NEUN.svs,Neuron,Layer1,6402.5,5902.1,Layer1,39.17601306922404
A22-312CD34NEUN.svs,Neuron,Layer1,6217.3,5985.9,Layer1,33.370795615328255
A22-312CD34NEUN.svs,Neuron,Layer1,6164.0,6011.1,Layer1,23.14584195919444
A22-312CD34NEUN.svs,Neuron,Layer1,6355.2,6040.6,Layer1,48.56439024635141
A22-312CD34NEUN.svs,Neuron,Layer1,6176.5,6052.6,Layer1,42.08289438715032
A22-312CD34NEUN.svs,Neuron,Layer1,6179.2,6101.7,Layer1,68.28067076413326
A22-312CD34NEUN.svs,Neuron,Layer1,7045.4,6266.3,Layer1,14.668674105044884
A22-312CD34NEUN.svs,Neuron,Layer1,7287.8,6283.6,Layer1,142.85328137638328
A22-312CD34NEUN.svs,Neuron,Layer1,7408.6,6348.4,Layer1,40.857312686960015
A22-312CD34NEUN.svs,Neuron,Layer1,6702.5,6509.1,Layer1,85.1544479167124
A22-312CD34NEUN.svs,Neuron,Layer1,7474.3,6516.7,Layer1,8.183520025025892
A22-312CD34NEUN.svs,Neuron,Layer1,7153.5,6652.6,Layer1,32.72308053958208
A22-312CD34NEUN.svs,Neuron,Layer1,7190.4,6670.4,Layer1,67.3011886967825
A22-312CD34NEUN.svs,Neuron,Layer1,7379.7,6698.0,Layer1,17.80702108720059
A22-312CD34NEUN.svs,Neuron,Layer1,7291.8,6713.6,Layer1,70.48496293536714
A22-312CD34NEUN.svs,Neuron,Layer1,7492.2,6736.0,Layer1,16.02622850205259
A22-312CD34NEUN.svs,Neuron,Layer1,7400.3,6751.8,Layer1,16.724233913695215
A22-312CD34NEUN.svs,Neuron,Layer1,7447.8,6762.4,Layer1,32.29133010577309
A22-312CD34NEUN.svs,Neuron,Layer1,7298.8,6766.2,Layer1,75.37672054421007
A22-312CD34NEUN.svs,Neuron,Layer1,7266.0,6766.7,Layer1,106.13086261780767
A22-312CD34NEUN.svs,Neuron,Layer1,7757.4,6702.7,Layer1,81.99121904204169
A22-312CD34NEUN.svs,Neuron,Layer1,8039.3,6760.3,Layer1,55.359913294729196
A22-312CD34NEUN.svs,Neuron,Layer1,7750.0,6802.6,Layer1,57.98249735911671
A22-312CD34NEUN.svs,Neuron,Layer1,8770.0,5816.2,Layer1,52.75651618520692
A22-312CD34NEUN.svs,Neuron,Layer1,8790.0,5821.1,Layer1,36.752823020823264
A22-312CD34NEUN.svs,Neuron,Layer1,8822.5,5877.6,Layer1,37.416172973729445
A22-312CD34NEUN.svs,Neuron,Layer1,8800.1,5887.4,Layer1,26.14574535177769
A22-312CD34NEUN.svs,Neuron,Layer1,8814.2,5926.0,Layer1,14.546477236775695
A22-312CD34NEUN.svs,Neuron,Layer1,8807.5,6012.6,Layer1,13.662357044082896
A22-312CD34NEUN.svs,Neuron,Layer1,8930.9,6050.5,Layer1,30.71677066359637
A22-312CD34NEUN.svs,Neuron,Layer1,8769.1,6084.9,Layer1,36.952943049235074
A22-312CD34NEUN.svs,Neuron,Layer1,8786.1,6100.1,Layer1,25.64624728883291
A22-312CD34NEUN.svs,Neuron,Layer1,8755.9,6111.6,Layer1,36.62963281279247
A22-312CD34NEUN.svs,Neuron,Layer1,8784.4,6112.8,Layer1,29.181500989497085
A22-312CD34NEUN.svs,Neuron,Layer1,8775.3,6114.2,Layer1,27.266279540854043
A22-312CD34NEUN.svs,Neuron,Layer1,8770.0,6122.9,Layer1,19.851700179078126
A22-312CD34NEUN.svs,Neuron,Layer1,8788.3,6134.4,Layer1,13.122880781290657
A22-312CD34NEUN.svs,Neuron,Layer1,8933.0,6224.5,Layer1,38.19384767210563
A22-312CD34NEUN.svs,Neuron,Layer1,8916.0,6246.0,Layer1,15.681836627130526
A22-312CD34NEUN.svs,Neuron,Layer1,8956.9,6348.2,Layer1,118.18075139378678
A22-312CD34NEUN.svs,Neuron,Layer1,8955.7,6366.4,Layer1,108.60557075951623
A22-312CD34NEUN.svs,Neuron,Layer1,8912.2,6394.8,Layer1,58.11454206995086
A22-312CD34NEUN.svs,Neuron,Layer1,8923.0,6395.4,Layer1,64.92226120522992
A22-312CD34NEUN.svs,Neuron,Layer1,8945.5,6453.4,Layer1,38.10472411657153
A22-312CD34NEUN.svs,Neuron,Layer1,8958.2,6456.8,Layer1,36.74914965002586
A22-312CD34NEUN.svs,Neuron,Layer1,8966.9,6638.5,Layer1,89.40559266623053
A22-312CD34NEUN.svs,Neuron,Layer1,8957.9,6655.9,Layer1,72.44308110509934
A22-312CD34NEUN.svs,Neuron,Layer1,8890.1,6772.5,Layer1,70.92989496679104
A22-312CD34NEUN.svs,Neuron,Layer1,7441.4,6815.2,Layer1,53.90667862148506
A22-312CD34NEUN.svs,Neuron,Layer1,7671.9,6835.6,Layer1,53.24847415654354
A22-312CD34NEUN.svs,Neuron,Layer1,7712.8,6902.1,Layer1,25.576551761330066
A22-312CD34NEUN.svs,Neuron,Layer1,7755.2,6930.8,Layer1,65.21265214665004
A22-312CD34NEUN.svs,Neuron,Layer1,7983.5,7133.7,Layer1,45.71881450781459
A22-312CD34NEUN.svs,Neuron,Layer1,8044.3,7201.9,Layer1,15.02331521336046
A22-312CD34NEUN.svs,Neuron,Layer1,8035.6,7207.0,Layer1,23.840302011509618
A22-312CD34NEUN.svs,Neuron,Layer1,8296.2,7394.7,Layer1,64.00101561694188
A22-312CD34NEUN.svs,Neuron,Layer1,8253.5,7509.7,Layer1,156.25495192153141
A22-312CD34NEUN.svs,Neuron,Layer1,8297.6,7581.7,Layer1,88.27525134486987
A22-312CD34NEUN.svs,Neuron,Layer1,8334.6,7643.4,Layer1,70.50283682235695
A22-312CD34NEUN.svs,Neuron,Layer1,8345.5,7658.3,Layer1,75.3783125308598
A22-312CD34NEUN.svs,Neuron,Layer1,8483.5,7661.4,Layer1,119.2960183744617
A22-312CD34NEUN.svs,Neuron,Layer1,8622.1,7689.9,Layer1,66.72046162909851
A22-312CD34NEUN.svs,Neuron,Layer1,8598.9,7710.0,Layer1,36.72996052271166
A22-312CD34NEUN.svs,Neuron,Layer1,8473.0,7780.6,Layer1,113.34284273830521
A22-312CD34NEUN.svs,Neuron,Layer1,8459.2,7813.8,Layer1,140.35611849862488
A22-312CD34NEUN.svs,Neuron,Layer1,8951.6,6875.4,Layer1,91.14038621818486
A22-312CD34NEUN.svs,Neuron,Layer1,8972.7,6920.9,Layer1,132.67332060365382
A22-312CD34NEUN.svs,Neuron,Layer1,9011.3,7282.6,Layer1,128.9937207774075
A22-312CD34NEUN.svs,Neuron,Layer1,9030.2,7416.5,Layer1,89.32888670525405
A22-312CD34NEUN.svs,Neuron,Layer1,9032.3,7583.2,Layer1,20.582759776085467
A22-312CD34NEUN.svs,Neuron,Layer1,8566.5,7981.0,Layer1,1.9104973174539943
A22-312CD34NEUN.svs,Neuron,Layer1,8573.6,8062.0,Layer1,33.65367736221442
A22-312CD34NEUN.svs,Neuron,Layer1,9113.8,7972.7,Layer1,20.56258738583236
A22-312CD34NEUN.svs,Neuron,Layer1,8610.6,8029.8,Layer1,34.26908227542664
A22-312CD34NEUN.svs,Neuron,Layer1,8602.5,8115.5,Layer1,51.81360825111531
A22-312CD34NEUN.svs,Neuron,Layer1,9240.4,8193.7,Layer1,92.35204383228242
A22-312CD34NEUN.svs,Neuron,Layer1,9073.9,8250.3,Layer1,40.44317000434096
A22-312CD34NEUN.svs,Neuron,Layer1,8764.9,8377.5,Layer1,14.412494579356828
A22-312CD34NEUN.svs,Neuron,Layer1,9334.0,8408.3,Layer1,22.629184695874645
A22-312CD34NEUN.svs,Neuron,Layer1,9199.7,8464.4,Layer1,66.86777998408488
A22-312CD34NEUN.svs,Neuron,Layer1,9298.7,8570.4,Layer1,45.47361872558715
A22-312CD34NEUN.svs,Neuron,Layer1,8824.6,8610.8,Layer1,34.53983207834102
A22-312CD34NEUN.svs,Neuron,Layer1,9373.1,8654.0,Layer1,35.83085262731002
A22-312CD34NEUN.svs,Neuron,Layer1,8972.1,8670.6,Layer1,15.147607071745005
A22-312CD34NEUN.svs,Neuron,Layer1,9222.6,8842.3,Layer1,4.675467891024625
A22-312CD34NEUN.svs,Neuron,Layer1,9098.9,8860.3,Layer1,8.300602387778174
A22-312CD34NEUN.svs,Neuron,Layer1,9306.6,8898.7,Layer1,18.329484444468623
A22-312CD34NEUN.svs,Neuron,Layer1,9391.3,8981.9,Layer1,30.331831464652623
A22-312CD34NEUN.svs,Neuron,Layer1,9509.0,9073.7,Layer1,51.70348150753487
A22-312CD34NEUN.svs,Neuron,Layer1,9430.0,9086.9,Layer1,13.656500283748809
A22-312CD34NEUN.svs,Neuron,Layer1,9083.5,9100.4,Layer1,21.52301094178003
A22-312CD34NEUN.svs,Neuron,Layer1,9472.9,9138.5,Layer1,29.383328606542054
A22-312CD34NEUN.svs,Neuron,Layer1,9018.9,9153.7,Layer1,21.219095173921914
A22-312CD34NEUN.svs,Neuron,Layer1,9470.7,9176.1,Layer1,18.14083790787995
A22-312CD34NEUN.svs,Neuron,Layer1,9311.7,9185.4,Layer1,80.82728499708426
A22-312CD34NEUN.svs,Neuron,Layer1,9203.8,9208.9,Layer1,49.36233381840746
A22-312CD34NEUN.svs,Neuron,Layer1,9215.6,9208.4,Layer1,61.10032733136542
A22-312CD34NEUN.svs,Neuron,Layer1,9216.0,9227.8,Layer1,64.94897997659403
A22-312CD34NEUN.svs,Neuron,Layer1,9340.7,9286.1,Layer1,13.251792331605923
A22-312CD34NEUN.svs,Neuron,Layer1,9438.1,9292.2,Layer1,38.29529997271274
A22-312CD34NEUN.svs,Neuron,Layer1,9574.3,9346.7,Layer1,7.655716818168693
A22-312CD34NEUN.svs,Neuron,Layer1,9097.4,9465.6,Layer1,39.09999999999983
A22-312CD34NEUN.svs,Neuron,Layer1,9137.0,9474.8,Layer1,33.008029326212224
A22-312CD34NEUN.svs,Neuron,Layer1,9158.5,9623.2,Layer1,35.263862522418414
A22-312CD34NEUN.svs,Neuron,Layer1,9142.3,9717.8,Layer1,49.14061456677216
A22-312CD34NEUN.svs,Neuron,Layer1,9172.9,9776.0,Layer1,11.637869220780688
A22-312CD34NEUN.svs,Neuron,Layer1,9631.9,9518.5,Layer1,62.51663778547209
A22-312CD34NEUN.svs,Neuron,Layer1,9653.2,9563.7,Layer1,23.486591919645598
A22-312CD34NEUN.svs,Neuron,Layer1,9679.9,9634.8,Layer1,68.90457169157891
A22-312CD34NEUN.svs,Neuron,Layer1,9697.3,9675.9,Layer1,98.6584512345489
A22-312CD34NEUN.svs,Neuron,Layer1,9729.9,9762.7,Layer1,99.58940706721694
A22-312CD34NEUN.svs,Neuron,Layer1,9204.4,10006.5,Layer1,81.21311470446186
A22-312CD34NEUN.svs,Neuron,Layer1,9232.2,10019.8,Layer1,50.434908545569634
A22-312CD34NEUN.svs,Neuron,Layer1,9246.9,10171.5,Layer1,66.58002703514063
A22-312CD34NEUN.svs,Neuron,Layer1,9254.4,10211.7,Layer1,31.984527509406483
A22-312CD34NEUN.svs,Neuron,Layer1,9303.8,10301.1,Layer1,30.85854824841914
A22-312CD34NEUN.svs,Neuron,Layer1,9309.3,10318.5,Layer1,17.679932126566566
A22-312CD34NEUN.svs,Neuron,Layer1,9327.0,10362.7,Layer1,31.40398063940266
A22-312CD34NEUN.svs,Neuron,Layer1,9483.7,10367.2,Layer1,95.20472677341164
A22-312CD34NEUN.svs,Neuron,Layer1,9375.4,10385.8,Layer1,18.480530295423016
A22-312CD34NEUN.svs,Neuron,Layer1,9487.8,10407.2,Layer1,96.57665349348021
A22-312CD34NEUN.svs,Neuron,Layer1,9412.0,10423.3,Layer1,35.77820565651564
A22-312CD34NEUN.svs,Neuron,Layer1,9355.3,10458.1,Layer1,33.05888685361224
A22-312CD34NEUN.svs,Neuron,Layer1,9420.2,10581.6,Layer1,13.375350462696886
A22-312CD34NEUN.svs,Neuron,Layer1,9555.9,10619.0,Layer1,33.7326251572566
A22-312CD34NEUN.svs,Neuron,Layer1,9564.8,10662.7,Layer1,68.90464425566502
A22-312CD34NEUN.svs,Neuron,Layer1,9565.2,10700.9,Layer1,44.63149112454139
A22-312CD34NEUN.svs,Neuron,Layer1,9580.9,10752.0,Layer1,66.04490896352245
A22-312CD34NEUN.svs,Neuron,Layer1,9601.3,10849.3,Layer1,52.28097168186484
A22-312CD34NEUN.svs,Neuron,Layer1,9435.2,10900.1,Layer1,27.33386178350921
A22-312CD34NEUN.svs,Neuron,Layer1,9807.5,9935.2,Layer1,70.61019756380753
A22-312CD34NEUN.svs,Neuron,Layer1,9820.0,9980.0,Layer1,41.023895475685684
A22-312CD34NEUN.svs,Neuron,Layer1,9833.8,9996.3,Layer1,39.85887605038494
A22-312CD34NEUN.svs,Neuron,Layer1,9691.3,10032.3,Layer1,31.058654188487743
A22-312CD34NEUN.svs,Neuron,Layer1,9749.6,10244.8,Layer1,20.15465206844452
A22-312CD34NEUN.svs,Neuron,Layer1,9758.9,10250.6,Layer1,20.911719202399066
A22-312CD34NEUN.svs,Neuron,Layer1,9769.8,10253.9,Layer1,28.91158937173745
A22-312CD34NEUN.svs,Neuron,Layer1,9791.4,10266.5,Layer1,48.88026186509157
A22-312CD34NEUN.svs,Neuron,Layer1,9812.9,10280.6,Layer1,68.43690524855758
A22-312CD34NEUN.svs,Neuron,Layer1,9990.4,10357.4,Layer1,52.904914705534246
A22-312CD34NEUN.svs,Neuron,Layer1,10000.7,10399.9,Layer1,74.42069604619468
A22-312CD34NEUN.svs,Neuron,Layer1,10053.7,10655.6,Layer1,38.376034188019446
A22-312CD34NEUN.svs,Neuron,Layer1,10132.7,10662.0,Layer1,53.23391775926394
A22-312CD34NEUN.svs,Neuron,Layer1,9997.9,10675.6,Layer1,41.830610801183234
A22-312CD34NEUN.svs,Neuron,Layer1,10217.9,10685.9,Layer1,39.4508555040319
A22-312CD34NEUN.svs,Neuron,Layer1,10224.6,10704.4,Layer1,31.12715855968942
A22-312CD34NEUN.svs,Neuron,Layer1,10229.0,10717.3,Layer1,29.300000000000253
A22-312CD34NEUN.svs,Neuron,Layer1,10035.8,10758.3,Layer1,48.48267731881101
A22-312CD34NEUN.svs,Neuron,Layer1,9631.9,10995.4,Layer1,29.329336848963745
A22-312CD34NEUN.svs,Neuron,Layer1,9614.6,11183.0,Layer1,30.078065097343643
A22-312CD34NEUN.svs,Neuron,Layer1,10332.5,10971.6,Layer1,16.595180023127
A22-312CD34NEUN.svs,Neuron,Layer1,10283.7,11064.4,Layer1,19.990247622277085
A22-312CD34NEUN.svs,Neuron,Layer1,10221.9,11075.2,Layer1,25.216264592520123
A22-312CD34NEUN.svs,Neuron,Layer1,10277.5,11080.9,Layer1,27.294688127912362
A22-312CD34NEUN.svs,Neuron,Layer1,10261.6,11079.6,Layer1,24.544856895081434
A22-312CD34NEUN.svs,Neuron,Layer1,10244.4,11086.2,Layer1,23.507658326596474
A22-312CD34NEUN.svs,Neuron,Layer1,10223.1,11134.9,Layer1,23.447174669882436
A22-312CD34NEUN.svs,Neuron,Layer1,9670.0,11136.0,Layer1,37.18494318941443
A22-312CD34NEUN.svs,Neuron,Layer1,9701.8,11251.3,Layer1,72.86185558987624
A22-312CD34NEUN.svs,Neuron,Layer1,10653.3,11532.7,Layer1,60.52982735808747
A22-312CD34NEUN.svs,Neuron,Layer1,10680.9,11520.8,Layer1,77.03797764738997
A22-312CD34NEUN.svs,Neuron,Layer1,9928.8,12007.0,Layer1,61.37760177784757
A22-312CD34NEUN.svs,Neuron,Layer1,9967.7,12034.5,Layer1,13.823530663328143
A22-312CD34NEUN.svs,Neuron,Layer1,9810.1,12041.7,Layer1,8.958794561769816
A22-312CD34NEUN.svs,Neuron,Layer1,9858.8,12179.7,Layer1,62.93846200853656
A22-312CD34NEUN.svs,Neuron,Layer1,10152.1,12371.1,Layer1,37.792194961394635
A22-312CD34NEUN.svs,Neuron,Layer1,10154.7,12397.1,Layer1,62.83446506496337
A22-312CD34NEUN.svs,Neuron,Layer1,10150.2,12412.2,Layer1,48.292649544211066
A22-312CD34NEUN.svs,Neuron,Layer1,10155.9,12428.4,Layer1,39.015509736514005
A22-312CD34NEUN.svs,Neuron,Layer1,10117.8,12436.3,Layer1,20.348218595248902
A22-312CD34NEUN.svs,Neuron,Layer1,10195.8,12446.4,Layer1,69.37449098912334
A22-312CD34NEUN.svs,Neuron,Layer1,10244.0,12481.4,Layer1,120.14998959633773
A22-312CD34NEUN.svs,Neuron,Layer1,10262.7,12501.4,Layer1,143.67063026241746
A22-312CD34NEUN.svs,Neuron,Layer1,10099.0,12558.6,Layer1,107.77393005731977
A22-312CD34NEUN.svs,Neuron,Layer1,10111.2,12603.1,Layer1,121.99692619078449
A22-312CD34NEUN.svs,Neuron,Layer1,10164.5,12623.2,Layer1,65.13102179453287
A22-312CD34NEUN.svs,Neuron,Layer1,10179.3,12647.4,Layer1,44.24669479181507
A22-312CD34NEUN.svs,Neuron,Layer1,10476.6,12797.9,Layer1,92.83846185714121
A22-312CD34NEUN.svs,Neuron,Layer1,10339.0,12809.3,Layer1,25.347583711274744
A22-312CD34NEUN.svs,Neuron,Layer1,10720.3,11996.4,Layer1,77.10006485081615
A22-312CD34NEUN.svs,Neuron,Layer1,10796.3,12063.2,Layer1,18.435292240698203
A22-312CD34NEUN.svs,Neuron,Layer1,10801.3,12085.5,Layer1,10.51189802081432
A22-312CD34NEUN.svs,Neuron,Layer1,10966.1,12244.4,Layer1,50.08882110810821
A22-312CD34NEUN.svs,Neuron,Layer1,11056.2,12513.9,Layer1,36.33249234500782
A22-312CD34NEUN.svs,Neuron,Layer1,10973.1,12824.0,Layer1,45.53438261357983
A22-312CD34NEUN.svs,Neuron,Layer1,10974.9,12848.9,Layer1,37.98907737758281
A22-312CD34NEUN.svs,Neuron,Layer1 Region_4069,765.22,2015.3,Layer1,63.345197923757325
A22-312CD34NEUN.svs,Neuron,Layer1 Region_4070,944.98,1918.4,Layer1,43.0324017456614
A22-312CD34NEUN.svs,Neuron,Layer1 Region_4071,1416.8,1815.5,Layer1,66.71761386620473
A22-312CD34NEUN.svs,Neuron,Layer1 Region_4071,1429.9,1819.5,Layer1,76.46574396420931
A22-312CD34NEUN.svs,Neuron,Layer1 Region_4071,1462.6,1823.9,Layer1,77.94004105721268
A22-312CD34NEUN.svs,Neuron,Layer1 Region_4071,1448.4,1836.4,Layer1,72.00347213850168
A22-312CD34NEUN.svs,Neuron,Layer1 Region_4071,1441.3,1860.7,Layer1,57.534685190761266
A22-312CD34NEUN.svs,Neuron,Layer1 Region_4072,2140.8,1826.4,Layer1,283.2112462456249
A22-312CD34NEUN.svs,Neuron,Layer1 Region_4072,2112.7,1858.9,Layer1,303.4365996382114
A22-312CD34NEUN.svs,Neuron,Layer1 Region_4073,2277.0,1827.8,Layer1,156.77605046690024
A22-312CD34NEUN.svs,Neuron,Layer1 Region_4074,2470.7,1823.1,Layer1,102.22411652834165
A22-312CD34NEUN.svs,Neuron,Layer1 Region_4074,2472.6,1840.5,Layer1,89.76825719595968
A22-312CD34NEUN.svs,Neuron,Layer1 Region_4074,2489.6,1849.8,Layer1,96.16199873130738
A22-312CD34NEUN.svs,Neuron,Layer1 Region_4074,2496.2,1877.5,Layer1,88.93514490908495
A22-312CD34NEUN.svs,Neuron,Layer1 Region_4074,2485.2,1881.6,Layer1,77.19825127553054
A22-312CD34NEUN.svs,Neuron,Layer1 Region_4074,2474.8,1884.1,Layer1,66.56320304793036
A22-312CD34NEUN.svs,Neuron,Layer1 Region_4075,2642.3,1916.6,Layer1,17.274258305351424
A22-312CD34NEUN.svs,Neuron,Layer1 Region_4075,2624.8,1932.6,Layer1,15.945218719101614
A22-312CD34NEUN.svs,Neuron,Layer1 Region_4075,2657.8,1981.6,Layer1,40.6192072793158
A22-312CD34NEUN.svs,Neuron,Layer1 Region_4075,2679.9,1989.7,Layer1,51.003725354134886
A22-312CD34NEUN.svs,Neuron,Layer1 Region_4076,2737.4,1961.7,Layer1,47.12218161333365
A22-312CD34NEUN.svs,Neuron,Layer1 Region_4077,2892.3,2072.9,Layer1,51.198144497628256
A22-312CD34NEUN.svs,Neuron,Layer1 Region_4080,3186.6,2234.5,Layer1,15.432433379088256
A22-312CD34NEUN.svs,Neuron,Layer1 Region_4082,3292.5,2478.2,Layer1,12.656223765404583
A22-312CD34NEUN.svs,Neuron,Layer1 Region_4087,3365.5,2944.0,Layer1,2.4186773244893955
A22-312CD34NEUN.svs,Neuron,Layer1 Region_4094,3748.6,2430.0,Layer1,48.95651131361393
A22-312CD34NEUN.svs,Neuron,Layer1 Region_4104,3893.9,2382.8,Layer1,20.470710783947084
A22-312CD34NEUN.svs,Neuron,Layer1 Region_4112,4611.7,1295.1,Layer1,33.609076155109754
A22-312CD34NEUN.svs,Neuron,Layer1 Region_4114,5192.9,1013.8,Layer1,20.415506361587266
A22-312CD34NEUN.svs,Neuron,Layer1 Region_4114,5171.4,1033.6,Layer1,49.63844175636481
A22-312CD34NEUN.svs,Neuron,Layer1 Region_4115,5612.1,992.97,Layer1,85.14266909135544
A22-312CD34NEUN.svs,Neuron,Layer1 Region_4123,6355.0,6040.5,Layer1,48.53627509399491
A22-312CD34NEUN.svs,Neuron,Layer1 Region_4125,6423.8,5865.8,Layer1,54.66004024879675
A22-312CD34NEUN.svs,Neuron,Layer1 Region_4130,6550.2,5717.0,Layer1,28.690416518412388
A22-312CD34NEUN.svs,Neuron,Layer1 Region_4154,6825.7,6341.1,Layer1,31.93305497442986
A22-312CD34NEUN.svs,Neuron,Layer1 Region_4163,7046.1,6264.1,Layer1,13.157507362718661
A22-312CD34NEUN.svs,Neuron,Layer1 Region_4187,7474.7,6515.4,Layer1,7.375635565834014
A22-312CD34NEUN.svs,Neuron,Layer1 Region_4189,7492.3,6735.9,Layer1,16.162301816264257
A22-312CD34NEUN.svs,Neuron,Layer1 Region_4189,7447.8,6762.4,Layer1,32.29133010577309
A22-312CD34NEUN.svs,Neuron,Layer1 Region_4198,7778.5,4713.5,Layer1,2.4186773244892263
A22-312CD34NEUN.svs,Neuron,Layer1 Region_4201,7712.0,6901.1,Layer1,24.787900274125636
A22-312CD34NEUN.svs,Neuron,Layer1 Region_4209,7970.5,4521.7,Layer1,69.8845476482461
A22-312CD34NEUN.svs,Neuron,Layer1 Region_4209,7985.7,4586.3,Layer1,69.42081820318695
A22-312CD34NEUN.svs,Neuron,Layer1 Region_4210,7966.1,6889.4,Layer1,1.4764823060230445
A22-312CD34NEUN.svs,Neuron,Layer1 Region_4212,8012.9,1660.4,Layer1,61.79846276405235
A22-312CD34NEUN.svs,Neuron,Layer1 Region_4214,8093.4,4445.7,Layer1,169.0615272615262
A22-312CD34NEUN.svs,Neuron,Layer1 Region_4214,8043.4,4483.9,Layer1,122.24107329371657
A22-312CD34NEUN.svs,Neuron,Layer1 Region_4214,8063.2,4489.4,Layer1,142.78112620371013
A22-312CD34NEUN.svs,Neuron,Layer1 Region_4229,8335.2,3726.2,Layer1,28.236324123370842
A22-312CD34NEUN.svs,Neuron,Layer1 Region_4229,8327.0,3786.6,Layer1,28.254026261755946
A22-312CD34NEUN.svs,Neuron,Layer1 Region_4230,8371.5,3859.3,Layer1,78.3033204915344
A22-312CD34NEUN.svs,Neuron,Layer1 Region_4232,8413.2,2004.7,Layer1,54.19446466199295
A22-312CD34NEUN.svs,Neuron,Layer1 Region_4233,8467.0,2180.3,Layer1,46.90458399772904
A22-312CD34NEUN.svs,Neuron,Layer1 Region_4234,8428.6,2227.4,Layer1,80.70346956605978
A22-312CD34NEUN.svs,Neuron,Layer1 Region_4234,8492.8,2258.2,Layer1,25.566579747787856
A22-312CD34NEUN.svs,Neuron,Layer1 Region_4234,8500.9,2276.7,Layer1,15.30261415575754
A22-312CD34NEUN.svs,Neuron,Layer1 Region_4236,8466.1,3181.5,Layer1,13.035720156555458
A22-312CD34NEUN.svs,Neuron,Layer1 Region_4237,8477.7,3274.5,Layer1,47.30042283109123
A22-312CD34NEUN.svs,Neuron,Layer1 Region_4241,8483.4,7661.6,Layer1,119.32648490590816
A22-312CD34NEUN.svs,Neuron,Layer1 Region_4245,8546.0,2627.0,Layer1,40.77106817339933
A22-312CD34NEUN.svs,Neuron,Layer1 Region_4245,8601.4,2659.0,Layer1,95.29784887393754
A22-312CD34NEUN.svs,Neuron,Layer1 Region_4246,8538.9,2715.5,Layer1,73.75940617982249
A22-312CD34NEUN.svs,Neuron,Layer1 Region_4248,8580.4,2936.8,Layer1,43.31293109453562
A22-312CD34NEUN.svs,Neuron,Layer1 Region_4248,8593.5,2948.7,Layer1,54.602289329294976
A22-312CD34NEUN.svs,Neuron,Layer1 Region_4253,8771.3,3367.5,Layer1,97.27198980179307
A22-312CD34NEUN.svs,Neuron,Layer1 Region_4278,8790.7,5821.7,Layer1,35.84326994011474
A22-312CD34NEUN.svs,Neuron,Layer1 Region_4278,8800.9,5886.6,Layer1,26.059930928534875
A22-312CD34NEUN.svs,Neuron,Layer1 Region_4278,8786.9,5885.8,Layer1,18.204395073718135
A22-312CD34NEUN.svs,Neuron,Layer1 Region_4278,8796.9,5901.2,Layer1,20.608736011701794
A22-312CD34NEUN.svs,Neuron,Layer1 Region_4282,8817.6,2721.1,Layer1,117.33175188328117
A22-312CD34NEUN.svs,Neuron,Layer1 Region_4282,8874.7,2785.2,Layer1,42.23032086072645
A22-312CD34NEUN.svs,Neuron,Layer1 Region_4284,8904.0,2996.5,Layer1,64.20412759316936
A22-312CD34NEUN.svs,Neuron,Layer1 Region_4286,8900.0,3655.7,Layer1,96.42416709518452
A22-312CD34NEUN.svs,Neuron,Layer1 Region_4288,8903.5,5774.9,Layer1,14.649232061784785
A22-312CD34NEUN.svs,Neuron,Layer1 Region_4289,8873.5,5809.5,Layer1,15.595512174981883
A22-312CD34NEUN.svs,Neuron,Layer1 Region_4289,8814.9,5814.8,Layer1,26.218504915421505
A22-312CD34NEUN.svs,Neuron,Layer1 Region_4289,8834.6,5853.8,Layer1,18.952572384772182
A22-312CD34NEUN.svs,Neuron,Layer1 Region_4290,8815.9,5910.1,Layer1,25.700194551792794
A22-312CD34NEUN.svs,Neuron,Layer1 Region_4290,8813.4,5927.2,Layer1,13.437261625792798
A22-312CD34NEUN.svs,Neuron,Layer1 Region_4292,8901.1,6195.1,Layer1,27.940114530904285
A22-312CD34NEUN.svs,Neuron,Layer1 Region_4298,8889.8,6771.8,Layer1,71.50111887236406
A22-312CD34NEUN.svs,Neuron,Layer1 Region_4307,8959.7,2319.2,Layer1,82.68893517273025
A22-312CD34NEUN.svs,Neuron,Layer1 Region_4307,8917.1,2341.6,Layer1,110.95413466833918
A22-312CD34NEUN.svs,Neuron,Layer1 Region_4307,8961.7,2391.6,Layer1,49.38522046118639
A22-312CD34NEUN.svs,Neuron,Layer1 Region_4309,8932.0,2510.0,Layer1,77.63691132444686
A22-312CD34NEUN.svs,Neuron,Layer1 Region_4310,8955.7,2612.5,Layer1,83.20096153290496
A22-312CD34NEUN.svs,Neuron,Layer1 Region_4310,8999.3,2640.4,Layer1,45.951387356640026
A22-312CD34NEUN.svs,Neuron,Layer1 Region_4313,8992.1,7539.0,Layer1,21.00904567085288
A22-312CD34NEUN.svs,Neuron,Layer1 Region_4316,8972.3,8672.4,Layer1,14.49310180741233
A22-312CD34NEUN.svs,Neuron,Layer1 Region_4318,9066.5,2167.1,Layer1,57.93876077376823
A22-312CD34NEUN.svs,Neuron,Layer1 Region_4319,9058.1,2250.5,Layer1,80.37095246418325
A22-312CD34NEUN.svs,Neuron,Layer1 Region_4324,9188.8,2018.7,Layer1,52.18630088442788
A22-312CD34NEUN.svs,Neuron,Layer1 Region_4341,9390.5,8982.5,Layer1,31.028051824116265
A22-312CD34NEUN.svs,Neuron,Layer1 Region_4346,9501.6,1814.2,Layer1,24.9194702993462
A22-312CD34NEUN.svs,Neuron,Layer1 Region_4376,9812.8,12039.7,Layer1,8.405355435673465
A22-312CD34NEUN.svs,Neuron,Layer1 Region_4378,9990.4,10357.4,Layer1,52.904914705534246
A22-312CD34NEUN.svs,Neuron,Layer1 Region_4378,10000.4,10399.7,Layer1,74.06247362868746
A22-312CD34NEUN.svs,Neuron,Layer1 Region_4385,10205.6,1328.0,Layer1,21.37755832643195
A22-312CD34NEUN.svs,Neuron,Layer1 Region_4386,10176.7,1478.4,Layer1,55.383210452267
A22-312CD34NEUN.svs,Neuron,Layer1 Region_4391,10283.5,11064.8,Layer1,20.39730374338647
A22-312CD34NEUN.svs,Neuron,Layer1 Region_4391,10261.6,11079.8,Layer1,24.682990094394743
A22-312CD34NEUN.svs,Neuron,Layer1 Region_4391,10277.2,11080.9,Layer1,27.591484193496374
A22-312CD34NEUN.svs,Neuron,Layer1 Region_4400,10412.1,12756.2,Layer1,55.63919481804182
A22-312CD34NEUN.svs,Neuron,Layer1 Region_4400,10476.4,12796.8,Layer1,93.45078918874906
A22-312CD34NEUN.svs,Neuron,Layer1 Region_4410,10750.8,1291.0,Layer1,44.12799564902167
A22-312CD34NEUN.svs,Neuron,Layer1 Region_4414,10845.9,1257.6,Layer1,59.78503157145538
A22-312CD34NEUN.svs,Neuron,Layer1 Region_4419,10966.0,12244.4,Layer1,50.167718704363025
A22-312CD34NEUN.svs,Neuron,Layer1 Region_4429,11566.4,1019.2,Layer1,95.16060109099774
A22-312CD34NEUN.svs,Neuron,Layer1 Region_4430,11613.9,1027.9,Layer1,46.87216658103186
A22-312CD34NEUN.svs,Neuron,Layer1 Region_4443,12797.3,4328.4,Layer1,31.970767898190385
A22-312CD34NEUN.svs,Neuron,Layer1 Region_4448,12894.4,4840.6,Layer1,34.52491853719601
A22-312CD34NEUN.svs,Neuron,Layer1 Region_4448,12853.0,4882.6,Layer1,69.62815522473639
A22-312CD34NEUN.svs,Neuron,Layer1 Region_4460,13229.1,5181.3,Layer1,35.833643409510714
A22-312CD34NEUN.svs,Neuron,Layer1 Region_4461,13223.2,5233.3,Layer1,15.80284784461442
A22-312CD34NEUN.svs,Neuron,Layer1 Region_4464,13329.1,5245.8,Layer1,64.25262640546336
A22-312CD34NEUN.svs,Neuron,Layer1 Region_4464,13317.3,5255.9,Layer1,75.78838961212891
A22-312CD34NEUN.svs,Neuron,Layer1 Region_4476,13528.3,5573.2,Layer1,7.414849964765966
A22-312CD34NEUN.svs,Neuron,Layer1 Region_4480,13705.2,5484.1,Layer1,10.001999800040004
A22-312CD34NEUN.svs,Neuron,Layer1 Region_4484,13751.7,5335.4,Layer1,25.171610993337968
A22-312CD34NEUN.svs,Neuron,Layer1 Region_4489,13985.0,4995.9,Layer1,38.20209418343486
A22-312CD34NEUN.svs,Neuron,Layer1 Region_4491,13984.1,5144.8,Layer1,25.554842985234483
A22-312CD34NEUN.svs,Neuron,Layer1 Region_4494,14165.6,4800.1,Layer1,49.42428552847294
A22-312CD34NEUN.svs,Neuron,Layer1 Region_4496,14263.3,4670.6,Layer1,35.10797630168912
A22-312CD34NEUN.svs,Neuron,Layer1 Region_4497,14389.7,4542.6,Layer1,36.06272313622502
A22-312CD34NEUN.svs,Neuron,Layer1 Region_4497,14395.4,4555.1,Layer1,45.034431272084106
A22-312CD34NEUN.svs,Neuron,Layer1 Region_4501,15695.9,1508.9,Layer1,50.36050039465498
A22-312CD34NEUN.svs,Neuron,Layer1 Region_4501,15705.1,1508.7,Layer1,45.10543204537564
A22-312CD34NEUN.svs,Neuron,Layer1 Region_4502,15801.2,1630.7,Layer1,17.61135997020067
A22-312CD34NEUN.svs,Neuron,Layer1 Region_4514,16392.6,2269.4,Layer1,8.63539228987407
A22-312CD34NEUN.svs,Neuron,Layer1 Region_4516,16705.5,2020.3,Layer1,68.84889251106425
A22-312CD34NEUN.svs,Neuron,Layer1 Region_4516,16665.1,2076.4,Layer1,21.691011963483863
A22-312CD34NEUN.svs,Neuron,Layer1 Region_4532,18865.8,1621.3,Layer1,5.5362442142661
A22-313CD34NEUN.svs,Neuron,Layer1,16507.1,1224.1,Layer1,12.31665539016285
A22-313CD34NEUN.svs,Neuron,Layer1,16510.2,1234.3,Layer1,3.0413812651491097
A22-313CD34NEUN.svs,Neuron,Layer1,16588.3,1288.0,Layer1,60.0873530786637
A22-313CD34NEUN.svs,Neuron,Layer1,16135.1,1334.1,Layer1,90.4274847598885
A22-313CD34NEUN.svs,Neuron,Layer1,16140.7,1344.9,Layer1,86.12461901221869
A22-313CD34NEUN.svs,Neuron,Layer1,16151.5,1362.4,Layer1,75.50264896015213
A22-313CD34NEUN.svs,Neuron,Layer1,16103.2,1368.7,Layer1,93.42831476592009
A22-313CD34NEUN.svs,Neuron,Layer1,16106.5,1405.8,Layer1,68.4693362024195
A22-313CD34NEUN.svs,Neuron,Layer1,16048.3,1406.9,Layer1,113.27064933158968
A22-313CD34NEUN.svs,Neuron,Layer1,16103.3,1417.4,Layer1,67.25213751249873
A22-313CD34NEUN.svs,Neuron,Layer1,16015.3,1438.2,Layer1,86.88273706554126
A22-313CD34NEUN.svs,Neuron,Layer1,16157.3,1473.0,Layer1,38.39231693972134
A22-313CD34NEUN.svs,Neuron,Layer1,15902.2,1624.7,Layer1,80.73320258728839
A22-313CD34NEUN.svs,Neuron,Layer1,15906.5,1636.8,Layer1,80.40055969954471
A22-313CD34NEUN.svs,Neuron,Layer1,15885.2,1644.5,Layer1,57.807006495753775
A22-313CD34NEUN.svs,Neuron,Layer1,15866.9,1643.9,Layer1,40.65390510147819
A22-313CD34NEUN.svs,Neuron,Layer1,15876.7,1649.9,Layer1,48.28436599977367
A22-313CD34NEUN.svs,Neuron,Layer1,15885.1,1667.4,Layer1,56.243488512005406
A22-313CD34NEUN.svs,Neuron,Layer1,15894.0,1673.5,Layer1,61.54039323891284
A22-313CD34NEUN.svs,Neuron,Layer1,15889.9,1678.0,Layer1,55.56761646858711
A22-313CD34NEUN.svs,Neuron,Layer1,15881.2,1680.9,Layer1,46.901812331721985
A22-313CD34NEUN.svs,Neuron,Layer1,15850.2,1685.6,Layer1,25.55562560376896
A22-313CD34NEUN.svs,Neuron,Layer1,15873.9,1690.1,Layer1,35.51408171415952
A22-313CD34NEUN.svs,Neuron,Layer1,15895.4,1691.7,Layer1,53.920867945536585
A22-313CD34NEUN.svs,Neuron,Layer1,15859.7,1694.2,Layer1,22.09072203437515
A22-313CD34NEUN.svs,Neuron,Layer1,16029.4,1693.1,Layer1,53.56958092051829
A22-313CD34NEUN.svs,Neuron,Layer1,15847.6,1693.9,Layer1,16.916855499767024
A22-313CD34NEUN.svs,Neuron,Layer1,15841.3,1697.4,Layer1,13.682105101189576
A22-313CD34NEUN.svs,Neuron,Layer1,15871.5,1700.5,Layer1,28.452943608702732
A22-313CD34NEUN.svs,Neuron,Layer1,15882.8,1700.6,Layer1,39.19706621674602
A22-313CD34NEUN.svs,Neuron,Layer1,15841.2,1705.7,Layer1,6.140032573202734
A22-313CD34NEUN.svs,Neuron,Layer1,15873.9,1706.1,Layer1,29.34706118165838
A22-313CD34NEUN.svs,Neuron,Layer1,15883.5,1709.6,Layer1,38.61295119516285
A22-313CD34NEUN.svs,Neuron,Layer1,15832.8,1708.1,Layer1,12.355565547558266
A22-313CD34NEUN.svs,Neuron,Layer1,15859.0,1710.9,Layer1,14.103191128252158
A22-313CD34NEUN.svs,Neuron,Layer1,15852.2,1716.8,Layer1,9.577577981933455
A22-313CD34NEUN.svs,Neuron,Layer1,15907.1,1725.5,Layer1,54.86756783382957
A22-313CD34NEUN.svs,Neuron,Layer1,15915.4,1726.9,Layer1,46.5559877996372
A22-313CD34NEUN.svs,Neuron,Layer1,15900.7,1729.7,Layer1,58.97838587143706
A22-313CD34NEUN.svs,Neuron,Layer1,15920.3,1733.1,Layer1,40.09351568520779
A22-313CD34NEUN.svs,Neuron,Layer1,15910.5,1736.2,Layer1,49.192275816432094
A22-313CD34NEUN.svs,Neuron,Layer1,15918.4,1742.7,Layer1,40.901100229700056
A22-313CD34NEUN.svs,Neuron,Layer1,15907.3,1744.8,Layer1,52.0553551519918
A22-313CD34NEUN.svs,Neuron,Layer1,15768.4,1750.7,Layer1,52.59781364277483
A22-313CD34NEUN.svs,Neuron,Layer1,15913.9,1757.1,Layer1,47.72054065075082
A22-313CD34NEUN.svs,Neuron,Layer1,15954.8,1771.5,Layer1,29.44588256446043
A22-313CD34NEUN.svs,Neuron,Layer1,15922.0,1779.8,Layer1,52.82092388438445
A22-313CD34NEUN.svs,Neuron,Layer1,17529.7,930.8,Layer1,97.77862752156024
A22-313CD34NEUN.svs,Neuron,Layer1,17545.8,932.55,Layer1,92.28045567724543
A22-313CD34NEUN.svs,Neuron,Layer1,17231.8,949.63,Layer1,84.39139114862364
A22-313CD34NEUN.svs,Neuron,Layer1,17348.5,950.4,Layer1,50.70831194192886
A22-313CD34NEUN.svs,Neuron,Layer1,17301.4,952.54,Layer1,59.21279929204504
A22-313CD34NEUN.svs,Neuron,Layer1,17208.7,960.42,Layer1,76.57320941425948
A22-313CD34NEUN.svs,Neuron,Layer1,17187.1,963.47,Layer1,79.41756040070786
A22-313CD34NEUN.svs,Neuron,Layer1,17277.5,965.09,Layer1,51.28793327869689
A22-313CD34NEUN.svs,Neuron,Layer1,17309.9,970.22,Layer1,42.913755370510295
A22-313CD34NEUN.svs,Neuron,Layer1,17145.6,976.85,Layer1,86.2385789539712
A22-313CD34NEUN.svs,Neuron,Layer1,17139.7,986.64,Layer1,79.38390013094651
A22-313CD34NEUN.svs,Neuron,Layer1,16972.7,1011.9,Layer1,59.65383474681275
A22-313CD34NEUN.svs,Neuron,Layer1,16984.7,1023.3,Layer1,56.45617769562567
A22-313CD34NEUN.svs,Neuron,Layer1,17423.4,1029.4,Layer1,9.436630754671604
A22-313CD34NEUN.svs,Neuron,Layer1,17416.2,1033.8,Layer1,6.800735254367722
A22-313CD34NEUN.svs,Neuron,Layer1,17454.2,1038.1,Layer1,8.902246907382429
A22-313CD34NEUN.svs,Neuron,Layer1,17389.0,1037.5,Layer1,10.269371937952746
A22-313CD34NEUN.svs,Neuron,Layer1,17384.3,1044.9,Layer1,18.962331080329776
A22-313CD34NEUN.svs,Neuron,Layer1,17414.4,1046.7,Layer1,19.40103090044454
A22-313CD34NEUN.svs,Neuron,Layer1,17398.7,1056.1,Layer1,22.408257406590455
A22-313CD34NEUN.svs,Neuron,Layer1,17484.5,1050.0,Layer1,21.44108206224812
A22-313CD34NEUN.svs,Neuron,Layer1,17381.1,1053.7,Layer1,26.65801943130632
A22-313CD34NEUN.svs,Neuron,Layer1,17417.6,1052.6,Layer1,25.423021063594085
A22-313CD34NEUN.svs,Neuron,Layer1,17575.3,1059.1,Layer1,38.48597147013372
A22-313CD34NEUN.svs,Neuron,Layer1,17612.1,1061.7,Layer1,48.78042640240015
A22-313CD34NEUN.svs,Neuron,Layer1,17482.6,1059.0,Layer1,24.19938015735108
A22-313CD34NEUN.svs,Neuron,Layer1,16855.5,1058.6,Layer1,75.2867850289806
A22-313CD34NEUN.svs,Neuron,Layer1,17423.4,1058.8,Layer1,23.04886114323222
A22-313CD34NEUN.svs,Neuron,Layer1,17503.2,1064.3,Layer1,7.632168761235429
A22-313CD34NEUN.svs,Neuron,Layer1,17415.2,1067.9,Layer1,10.807404868884474
A22-313CD34NEUN.svs,Neuron,Layer1,17384.8,1066.3,Layer1,21.064187617848372
A22-313CD34NEUN.svs,Neuron,Layer1,16835.6,1069.6,Layer1,54.50843971349648
A22-313CD34NEUN.svs,Neuron,Layer1,17418.7,1074.7,Layer1,10.423531071569975
A22-313CD34NEUN.svs,Neuron,Layer1,17403.1,1075.2,Layer1,5.412947441092575
A22-313CD34NEUN.svs,Neuron,Layer1,17285.9,1079.4,Layer1,68.66127001447012
A22-313CD34NEUN.svs,Neuron,Layer1,16825.0,1080.2,Layer1,39.994124568490925
A22-313CD34NEUN.svs,Neuron,Layer1,17403.1,1084.5,Layer1,9.763708311908525
A22-313CD34NEUN.svs,Neuron,Layer1,17413.8,1086.5,Layer1,11.541230437001825
A22-313CD34NEUN.svs,Neuron,Layer1,16759.5,1100.9,Layer1,9.254188241008142
A22-313CD34NEUN.svs,Neuron,Layer1,16814.4,1115.6,Layer1,8.200609733429088
A22-313CD34NEUN.svs,Neuron,Layer1,16805.3,1120.9,Layer1,5.474486277268727
A22-313CD34NEUN.svs,Neuron,Layer1,16815.7,1125.4,Layer1,13.720787149431398
A22-313CD34NEUN.svs,Neuron,Layer1,16698.9,1128.2,Layer1,69.63476143421272
A22-313CD34NEUN.svs,Neuron,Layer1,16761.9,1128.0,Layer1,16.161683080668617
A22-313CD34NEUN.svs,Neuron,Layer1,16807.4,1130.4,Layer1,14.948244044034219
A22-313CD34NEUN.svs,Neuron,Layer1,16694.3,1138.5,Layer1,70.47162549565606
A22-313CD34NEUN.svs,Neuron,Layer1,16669.1,1136.5,Layer1,82.49812119072769
A22-313CD34NEUN.svs,Neuron,Layer1,16685.1,1141.4,Layer1,78.76039613917713
A22-313CD34NEUN.svs,Neuron,Layer1,16676.1,1144.8,Layer1,79.5062890594197
A22-313CD34NEUN.svs,Neuron,Layer1,16698.6,1149.0,Layer1,64.20038940691944
A22-313CD34NEUN.svs,Neuron,Layer1,16668.2,1147.6,Layer1,72.61129388738492
A22-313CD34NEUN.svs,Neuron,Layer1,16680.5,1153.1,Layer1,76.09533494242704
A22-313CD34NEUN.svs,Neuron,Layer1,16672.1,1155.6,Layer1,68.59365859902798
A22-313CD34NEUN.svs,Neuron,Layer1,17015.3,1157.3,Layer1,89.7866916641873
A22-313CD34NEUN.svs,Neuron,Layer1,16934.9,1162.3,Layer1,78.39980867323575
A22-313CD34NEUN.svs,Neuron,Layer1,16881.2,1192.6,Layer1,44.3136547804402
A22-313CD34NEUN.svs,Neuron,Layer1,16888.4,1200.4,Layer1,54.86000364564428
A22-313CD34NEUN.svs,Neuron,Layer1,16829.5,1202.7,Layer1,53.013583165071985
A22-313CD34NEUN.svs,Neuron,Layer1,16833.8,1213.1,Layer1,60.61724177162815
A22-313CD34NEUN.svs,Neuron,Layer1,18676.8,863.6,Layer1,55.810909327834445
A22-313CD34NEUN.svs,Neuron,Layer1,18524.6,869.89,Layer1,33.602380868029975
A22-313CD34NEUN.svs,Neuron,Layer1,18322.9,873.87,Layer1,44.08812198313693
A22-313CD34NEUN.svs,Neuron,Layer1,18313.9,872.83,Layer1,47.20419578808547
A22-313CD34NEUN.svs,Neuron,Layer1,18512.1,878.14,Layer1,46.76358091506896
A22-313CD34NEUN.svs,Neuron,Layer1,18414.5,880.33,Layer1,61.42762896287006
A22-313CD34NEUN.svs,Neuron,Layer1,18112.5,883.11,Layer1,63.66955708971125
A22-313CD34NEUN.svs,Neuron,Layer1,18566.1,888.85,Layer1,20.17135592864217
A22-313CD34NEUN.svs,Neuron,Layer1,17975.5,886.21,Layer1,87.3113142725514
A22-313CD34NEUN.svs,Neuron,Layer1,17987.1,891.45,Layer1,97.20781861558255
A22-313CD34NEUN.svs,Neuron,Layer1,17952.1,890.67,Layer1,63.695403287835454
A22-313CD34NEUN.svs,Neuron,Layer1,18333.5,898.08,Layer1,19.931723457845045
A22-313CD34NEUN.svs,Neuron,Layer1,18064.8,896.8,Layer1,43.78314287485569
A22-313CD34NEUN.svs,Neuron,Layer1,18429.1,907.98,Layer1,30.224627375702234
A22-313CD34NEUN.svs,Neuron,Layer1,18526.9,905.04,Layer1,46.76807137353383
A22-313CD34NEUN.svs,Neuron,Layer1,17839.2,908.4,Layer1,53.02577203586732
A22-313CD34NEUN.svs,Neuron,Layer1,17956.6,912.1,Layer1,64.50001937984204
A22-313CD34NEUN.svs,Neuron,Layer1,18307.1,918.91,Layer1,22.043867627982163
A22-313CD34NEUN.svs,Neuron,Layer1,17861.2,920.08,Layer1,31.926335524138477
A22-313CD34NEUN.svs,Neuron,Layer1,17724.8,923.28,Layer1,78.25156611851293
A22-313CD34NEUN.svs,Neuron,Layer1,17741.3,924.33,Layer1,74.3582954350084
A22-313CD34NEUN.svs,Neuron,Layer1,18326.3,926.65,Layer1,9.549706801781708
A22-313CD34NEUN.svs,Neuron,Layer1,17696.6,927.9,Layer1,86.35551169439084
A22-313CD34NEUN.svs,Neuron,Layer1,17883.1,931.01,Layer1,20.98765351343502
A22-313CD34NEUN.svs,Neuron,Layer1,17687.0,932.6,Layer1,88.66756114836986
A22-313CD34NEUN.svs,Neuron,Layer1,17844.9,931.74,Layer1,41.913821109508014
A22-313CD34NEUN.svs,Neuron,Layer1,17880.4,937.28,Layer1,15.266551673511486
A22-313CD34NEUN.svs,Neuron,Layer1,17688.8,943.21,Layer1,79.78374583835979
A22-313CD34NEUN.svs,Neuron,Layer1,18407.0,946.7,Layer1,28.564714246776045
A22-313CD34NEUN.svs,Neuron,Layer1,17695.1,953.26,Layer1,68.33672219239135
A22-313CD34NEUN.svs,Neuron,Layer1,17846.5,962.67,Layer1,29.88544796385025
A22-313CD34NEUN.svs,Neuron,Layer1,17752.2,967.08,Layer1,31.988804291501946
A22-313CD34NEUN.svs,Neuron,Layer1,17827.5,976.27,Layer1,8.709764635166666
A22-313CD34NEUN.svs,Neuron,Layer1,18458.8,1006.7,Layer1,38.72182846922465
A22-313CD34NEUN.svs,Neuron,Layer1,18628.9,1017.9,Layer1,65.08808185835319
A22-313CD34NEUN.svs,Neuron,Layer1,18105.9,1043.9,Layer1,25.564428411368855
A22-313CD34NEUN.svs,Neuron,Layer1,17973.6,1063.4,Layer1,62.97626537037368
A22-313CD34NEUN.svs,Neuron,Layer1,18694.4,863.25,Layer1,73.34542998715052
A22-313CD34NEUN.svs,Neuron,Layer1,18681.9,870.56,Layer1,60.50033057760924
A22-313CD34NEUN.svs,Neuron,Layer1,18733.9,866.3,Layer1,106.64331952822829
A22-313CD34NEUN.svs,Neuron,Layer1,18690.3,870.53,Layer1,68.90020972391666
A22-313CD34NEUN.svs,Neuron,Layer1,18789.2,868.48,Layer1,94.54843414885312
A22-313CD34NEUN.svs,Neuron,Layer1,18697.6,874.15,Layer1,76.29419440560046
A22-313CD34NEUN.svs,Neuron,Layer1,18839.3,869.17,Layer1,110.73365387270482
A22-313CD34NEUN.svs,Neuron,Layer1,18799.6,871.54,Layer1,93.14870047402684
A22-313CD34NEUN.svs,Neuron,Layer1,18903.7,874.9,Layer1,114.08377141381679
A22-313CD34NEUN.svs,Neuron,Layer1,18884.5,873.33,Layer1,133.11083201603162
A22-313CD34NEUN.svs,Neuron,Layer1,18752.8,893.45,Layer1,74.1969817445426
A22-313CD34NEUN.svs,Neuron,Layer1,18875.6,906.49,Layer1,100.8101983928213
A22-313CD34NEUN.svs,Neuron,Layer1,18889.6,905.24,Layer1,102.98875472594068
A22-313CD34NEUN.svs,Neuron,Layer1,19230.3,905.17,Layer1,45.88557616506576
A22-313CD34NEUN.svs,Neuron,Layer1,19350.1,908.04,Layer1,7.242761904135749
A22-313CD34NEUN.svs,Neuron,Layer1,19397.6,908.48,Layer1,20.17002974712546
A22-313CD34NEUN.svs,Neuron,Layer1,19358.2,910.51,Layer1,4.157270739320863
A22-313CD34NEUN.svs,Neuron,Layer1,19198.8,915.98,Layer1,21.413649852372238
A22-313CD34NEUN.svs,Neuron,Layer1,19265.6,913.77,Layer1,56.81065040993923
A22-313CD34NEUN.svs,Neuron,Layer1,19306.8,914.19,Layer1,17.097672356202978
A22-313CD34NEUN.svs,Neuron,Layer1,19205.4,916.58,Layer1,22.19568426519093
A22-313CD34NEUN.svs,Neuron,Layer1,19408.9,920.26,Layer1,28.210510452667123
A22-313CD34NEUN.svs,Neuron,Layer1,19550.2,922.36,Layer1,109.01984406519688
A22-313CD34NEUN.svs,Neuron,Layer1,19436.0,921.85,Layer1,8.38141396185723
A22-313CD34NEUN.svs,Neuron,Layer1,19586.1,923.62,Layer1,88.04752353133078
A22-313CD34NEUN.svs,Neuron,Layer1,19621.6,923.99,Layer1,54.78863111996999
A22-313CD34NEUN.svs,Neuron,Layer1,19600.5,927.26,Layer1,73.20979169482729
A22-313CD34NEUN.svs,Neuron,Layer1,19477.9,929.37,Layer1,39.06782435713561
A22-313CD34NEUN.svs,Neuron,Layer1,19449.3,933.35,Layer1,19.574935504362827
A22-313CD34NEUN.svs,Neuron,Layer1,19602.1,935.88,Layer1,69.59103677917294
A22-313CD34NEUN.svs,Neuron,Layer1,19584.5,937.99,Layer1,82.43593937112664
A22-313CD34NEUN.svs,Neuron,Layer1,19224.4,946.6,Layer1,28.348149851448085
A22-313CD34NEUN.svs,Neuron,Layer1,19474.4,950.34,Layer1,48.03134393289447
A22-313CD34NEUN.svs,Neuron,Layer1,19330.1,958.82,Layer1,3.7019454344950122
A22-313CD34NEUN.svs,Neuron,Layer1,19031.8,968.35,Layer1,66.71188499810194
A22-313CD34NEUN.svs,Neuron,Layer1,19557.2,971.9,Layer1,79.29653208053934
A22-313CD34NEUN.svs,Neuron,Layer1,19539.2,982.89,Layer1,92.04806407524279
A22-313CD34NEUN.svs,Neuron,Layer1,19459.7,990.65,Layer1,77.40435452866951
A22-313CD34NEUN.svs,Neuron,Layer1,19227.7,1000.8,Layer1,19.960333163552228
A22-313CD34NEUN.svs,Neuron,Layer1,19237.7,1005.7,Layer1,27.198141480624194
A22-313CD34NEUN.svs,Neuron,Layer1,19532.2,1004.1,Layer1,95.58796995438286
A22-313CD34NEUN.svs,Neuron,Layer1,19537.1,1012.0,Layer1,90.67965593230046
A22-313CD34NEUN.svs,Neuron,Layer1,18887.0,1025.1,Layer1,21.030454108269147
A22-313CD34NEUN.svs,Neuron,Layer1,18999.5,1030.1,Layer1,125.78366348616254
A22-313CD34NEUN.svs,Neuron,Layer1,19262.9,1050.0,Layer1,78.08102778524506
A22-313CD34NEUN.svs,Neuron,Layer1,19235.7,1048.7,Layer1,68.43770086728546
A22-313CD34NEUN.svs,Neuron,Layer1,19228.2,1054.4,Layer1,73.54740580061284
A22-313CD34NEUN.svs,Neuron,Layer1,19241.6,1055.4,Layer1,76.02447566409131
A22-313CD34NEUN.svs,Neuron,Layer1,19801.4,926.03,Layer1,111.69271641427615
A22-313CD34NEUN.svs,Neuron,Layer1,19643.1,927.16,Layer1,34.85299987088749
A22-313CD34NEUN.svs,Neuron,Layer1,19811.8,926.36,Layer1,106.3391442508361
A22-313CD34NEUN.svs,Neuron,Layer1,19760.1,926.76,Layer1,78.32424975701679
A22-313CD34NEUN.svs,Neuron,Layer1,19768.1,926.78,Layer1,86.31171473212369
A22-313CD34NEUN.svs,Neuron,Layer1,19714.2,931.69,Layer1,32.30418548733203
A22-313CD34NEUN.svs,Neuron,Layer1,19775.2,931.29,Layer1,93.30007717038536
A22-313CD34NEUN.svs,Neuron,Layer1,19864.9,929.85,Layer1,91.59772104151935
A22-313CD34NEUN.svs,Neuron,Layer1,19845.8,932.81,Layer1,89.57505288862542
A22-313CD34NEUN.svs,Neuron,Layer1,19897.0,935.76,Layer1,63.51200201536714
A22-313CD34NEUN.svs,Neuron,Layer1,19865.0,938.83,Layer1,82.64012887211622
A22-313CD34NEUN.svs,Neuron,Layer1,19649.4,935.85,Layer1,24.704908419177336
A22-313CD34NEUN.svs,Neuron,Layer1,19854.4,938.76,Layer1,82.70998488695295
A22-313CD34NEUN.svs,Neuron,Layer1,19904.4,938.38,Layer1,55.69010325003763
A22-313CD34NEUN.svs,Neuron,Layer1,19892.1,941.62,Layer1,66.00916906006455
A22-313CD34NEUN.svs,Neuron,Layer1,19878.0,944.1,Layer1,78.97247368545574
A22-313CD34NEUN.svs,Neuron,Layer1,19752.1,942.52,Layer1,71.11162000685677
A22-313CD34NEUN.svs,Neuron,Layer1,19679.1,944.37,Layer1,9.628546100007796
A22-313CD34NEUN.svs,Neuron,Layer1,19906.6,947.65,Layer1,50.38134674659007
A22-313CD34NEUN.svs,Neuron,Layer1,19862.6,953.21,Layer1,68.15172851806457
A22-313CD34NEUN.svs,Neuron,Layer1,19756.0,951.62,Layer1,76.87010146994595
A22-313CD34NEUN.svs,Neuron,Layer1,19923.0,954.07,Layer1,32.88320087826
A22-313CD34NEUN.svs,Neuron,Layer1,19811.0,953.49,Layer1,83.48584371017678
A22-313CD34NEUN.svs,Neuron,Layer1,19959.5,954.81,Layer1,8.179174775000261
A22-313CD34NEUN.svs,Neuron,Layer1,20019.0,963.53,Layer1,44.378563518888484
A22-313CD34NEUN.svs,Neuron,Layer1,19922.6,961.34,Layer1,32.40138885912291
A22-313CD34NEUN.svs,Neuron,Layer1,19914.1,960.02,Layer1,40.932070555984815
A22-313CD34NEUN.svs,Neuron,Layer1,19965.7,961.26,Layer1,10.706745537277682
A22-313CD34NEUN.svs,Neuron,Layer1,20052.0,964.21,Layer1,46.15296415182849
A22-313CD34NEUN.svs,Neuron,Layer1,19726.4,970.18,Layer1,59.17795282028603
A22-313CD34NEUN.svs,Neuron,Layer1,20064.1,968.58,Layer1,49.09574727000146
A22-313CD34NEUN.svs,Neuron,Layer1,20094.0,971.8,Layer1,70.58363833070602
A22-313CD34NEUN.svs,Neuron,Layer1,20071.8,974.52,Layer1,50.52587851784355
A22-313CD34NEUN.svs,Neuron,Layer1,20107.5,974.34,Layer1,81.64633243446937
A22-313CD34NEUN.svs,Neuron,Layer1,19736.8,978.2,Layer1,61.122336342780244
A22-313CD34NEUN.svs,Neuron,Layer1,20092.6,979.13,Layer1,66.06657929694661
A22-313CD34NEUN.svs,Neuron,Layer1,20025.2,980.46,Layer1,26.385480855955553
A22-313CD34NEUN.svs,Neuron,Layer1,19958.0,981.83,Layer1,20.411665782096332
A22-313CD34NEUN.svs,Neuron,Layer1,20122.2,986.68,Layer1,92.02938878423566
A22-313CD34NEUN.svs,Neuron,Layer1,19822.3,985.94,Layer1,51.46930735885322
A22-313CD34NEUN.svs,Neuron,Layer1,19969.0,985.09,Layer1,27.311215644859203
A22-313CD34NEUN.svs,Neuron,Layer1,20053.4,987.31,Layer1,28.196242657489528
A22-313CD34NEUN.svs,Neuron,Layer1,19964.4,993.36,Layer1,33.08350646470276
A22-313CD34NEUN.svs,Neuron,Layer1,20087.1,992.73,Layer1,56.45758496428765
A22-313CD34NEUN.svs,Neuron,Layer1,19805.5,999.69,Layer1,58.349225359040325
A22-313CD34NEUN.svs,Neuron,Layer1,20251.9,1014.6,Layer1,65.58970955873954
A22-313CD34NEUN.svs,Neuron,Layer1,20378.9,1035.5,Layer1,23.52806834399928
A22-313CD34NEUN.svs,Neuron,Layer1,19643.5,1050.4,Layer1,45.06084775056924
A22-313CD34NEUN.svs,Neuron,Layer1,20307.3,1048.7,Layer1,27.844209451877337
A22-313CD34NEUN.svs,Neuron,Layer1,20498.1,1055.5,Layer1,33.203764846776025
A22-313CD34NEUN.svs,Neuron,Layer1,20392.0,1058.8,Layer1,20.4071066052976
A22-313CD34NEUN.svs,Neuron,Layer1,20379.2,1058.2,Layer1,28.46137733842009
A22-313CD34NEUN.svs,Neuron,Layer1,20509.5,1060.4,Layer1,21.185372312044414
A22-313CD34NEUN.svs,Neuron,Layer1,19824.3,1063.0,Layer1,20.789420386342897
A22-313CD34NEUN.svs,Neuron,Layer1,20493.1,1063.7,Layer1,37.52612423365888
A22-313CD34NEUN.svs,Neuron,Layer1,20321.2,1070.6,Layer1,48.18339963099319
A22-313CD34NEUN.svs,Neuron,Layer1,20099.4,1091.1,Layer1,19.318902660346513
A22-313CD34NEUN.svs,Neuron,Layer1,20106.4,1091.9,Layer1,12.653062870307929
A22-313CD34NEUN.svs,Neuron,Layer1,20399.8,1102.6,Layer1,61.73240640052822
A22-313CD34NEUN.svs,Neuron,Layer1,20465.2,1152.7,Layer1,18.964440408301282
A22-313CD34NEUN.svs,Neuron,Layer1,20622.8,1175.4,Layer1,74.2159012611177
A22-313CD34NEUN.svs,Neuron,Layer1,20633.5,1182.5,Layer1,77.63929417504997
A22-313CD34NEUN.svs,Neuron,Layer1,20709.3,1102.1,Layer1,28.194503010338025
A22-313CD34NEUN.svs,Neuron,Layer1,20762.9,1103.1,Layer1,43.96828402382798
A22-313CD34NEUN.svs,Neuron,Layer1,20791.1,1110.0,Layer1,62.34933840867659
A22-313CD34NEUN.svs,Neuron,Layer1,20828.6,1109.8,Layer1,51.0617273503369
A22-313CD34NEUN.svs,Neuron,Layer1,20852.1,1113.2,Layer1,27.80017985553462
A22-313CD34NEUN.svs,Neuron,Layer1,20785.3,1117.3,Layer1,54.113307051036735
A22-313CD34NEUN.svs,Neuron,Layer1,20739.6,1121.7,Layer1,16.005624011577034
A22-313CD34NEUN.svs,Neuron,Layer1,20884.4,1124.7,Layer1,6.902897942170382
A22-313CD34NEUN.svs,Neuron,Layer1,20893.2,1126.7,Layer1,15.853390804494257
A22-313CD34NEUN.svs,Neuron,Layer1,20725.6,1126.9,Layer1,13.729530217747886
A22-313CD34NEUN.svs,Neuron,Layer1,20817.6,1146.6,Layer1,52.58564442887681
A22-313CD34NEUN.svs,Neuron,Layer1,20985.0,1151.8,Layer1,17.768792868397757
A22-313CD34NEUN.svs,Neuron,Layer1,21020.8,1152.4,Layer1,10.084641788382074
A22-313CD34NEUN.svs,Neuron,Layer1,20784.2,1165.0,Layer1,56.69647255341313
A22-313CD34NEUN.svs,Neuron,Layer1,21159.8,1203.9,Layer1,33.75203697556748
A22-313CD34NEUN.svs,Neuron,Layer1,20793.2,1208.7,Layer1,43.15924003037924
A22-313CD34NEUN.svs,Neuron,Layer1,21210.3,1217.1,Layer1,36.41112467364694
A22-313CD34NEUN.svs,Neuron,Layer1,20825.7,1222.2,Layer1,11.332254850645922
A22-313CD34NEUN.svs,Neuron,Layer1,21176.9,1230.1,Layer1,2.6476404589748794
A22-313CD34NEUN.svs,Neuron,Layer1,21184.1,1231.2,Layer1,6.865857557505908
A22-313CD34NEUN.svs,Neuron,Layer1,21182.5,1237.6,Layer1,7.072481884033626
A22-313CD34NEUN.svs,Neuron,Layer1,21160.5,1244.1,Layer1,20.385534086700943
A22-313CD34NEUN.svs,Neuron,Layer1,21251.3,1243.8,Layer1,72.09084546598127
A22-313CD34NEUN.svs,Neuron,Layer1,21358.0,1246.6,Layer1,44.67885405871694
A22-313CD34NEUN.svs,Neuron,Layer1,20962.8,1254.7,Layer1,103.02388072675257
A22-313CD34NEUN.svs,Neuron,Layer1,21150.5,1257.7,Layer1,27.200735284180006
A22-313CD34NEUN.svs,Neuron,Layer1,21366.8,1266.8,Layer1,32.776821078319074
A22-313CD34NEUN.svs,Neuron,Layer1,21444.1,1281.1,Layer1,15.593909067324631
A22-313CD34NEUN.svs,Neuron,Layer1,21221.6,1279.8,Layer1,52.455886228333625
A22-313CD34NEUN.svs,Neuron,Layer1,21450.6,1284.0,Layer1,16.346559270989346
A22-313CD34NEUN.svs,Neuron,Layer1,21118.1,1314.5,Layer1,43.58210641995182
A22-313CD34NEUN.svs,Neuron,Layer1,21273.6,1340.6,Layer1,28.987066081272907
A22-313CD34NEUN.svs,Neuron,Layer1,21252.4,1355.1,Layer1,48.242097798498136
A22-313CD34NEUN.svs,Neuron,Layer1,15542.6,1986.7,Layer1,133.93140035107535
A22-313CD34NEUN.svs,Neuron,Layer1,15456.5,2102.8,Layer1,7.220110802473402
A22-313CD34NEUN.svs,Neuron,Layer1,15476.2,2145.7,Layer1,49.204166490247786
A22-313CD34NEUN.svs,Neuron,Layer1,15321.9,2300.6,Layer1,55.636678549316954
A22-313CD34NEUN.svs,Neuron,Layer1,15475.6,2318.0,Layer1,78.0773974976117
A22-313CD34NEUN.svs,Neuron,Layer1,15486.5,2324.5,Layer1,90.48148981974174
A22-313CD34NEUN.svs,Neuron,Layer1,15475.2,2357.2,Layer1,79.79786964575037
A22-313CD34NEUN.svs,Neuron,Layer1,15257.0,2422.5,Layer1,39.02166065148927
A22-313CD34NEUN.svs,Neuron,Layer1,15438.7,2435.5,Layer1,72.99986301357075
A22-313CD34NEUN.svs,Neuron,Layer1,15241.4,2478.7,Layer1,27.02979837142732
A22-313CD34NEUN.svs,Neuron,Layer1,15235.8,2486.1,Layer1,36.14484748895813
A22-313CD34NEUN.svs,Neuron,Layer1,15213.6,2534.7,Layer1,77.08158016024343
A22-313CD34NEUN.svs,Neuron,Layer1,15917.7,1769.6,Layer1,49.703118614427694
A22-313CD34NEUN.svs,Neuron,Layer1,15743.2,1828.1,Layer1,37.81137395017527
A22-313CD34NEUN.svs,Neuron,Layer1,15824.8,1890.0,Layer1,35.98624737312835
A22-313CD34NEUN.svs,Neuron,Layer1,15846.1,1940.3,Layer1,53.91892061234171
A22-313CD34NEUN.svs,Neuron,Layer1,15812.3,1943.6,Layer1,74.30558525440827
A22-313CD34NEUN.svs,Neuron,Layer1,15750.3,1963.4,Layer1,26.36380093992439
A22-313CD34NEUN.svs,Neuron,Layer1,15751.4,1986.5,Layer1,18.0036107489574
A22-313CD34NEUN.svs,Neuron,Layer1,15749.8,1999.6,Layer1,22.629184695873672
A22-313CD34NEUN.svs,Neuron,Layer1,15613.5,2087.1,Layer1,56.48309481605908
A22-313CD34NEUN.svs,Neuron,Layer1,15356.7,2703.9,Layer1,10.742439201596975
A22-313CD34NEUN.svs,Neuron,Layer1,15322.1,2761.6,Layer1,17.084788555905405
A22-313CD34NEUN.svs,Neuron,Layer1,15315.0,2804.7,Layer1,35.32930794680216
A22-313CD34NEUN.svs,Neuron,Layer1,15181.0,2988.3,Layer1,13.043005788544432
A22-313CD34NEUN.svs,Neuron,Layer1,15237.5,3036.6,Layer1,44.48752634166066
A22-313CD34NEUN.svs,Neuron,Layer1,15005.9,3398.4,Layer1,37.56620821962191
A22-313CD34NEUN.svs,Neuron,Layer1,14998.6,3539.5,Layer1,27.070278905102214
A22-313CD34NEUN.svs,Neuron,Layer1,15053.8,3865.1,Layer1,10.107423014793959
A22-313CD34NEUN.svs,Neuron,Layer1,14916.2,4001.6,Layer1,45.603947197583565
A22-313CD34NEUN.svs,Neuron,Layer1,14814.1,4116.6,Layer1,21.69331694324304
A22-313CD34NEUN.svs,Neuron,Layer1,14805.0,4114.5,Layer1,27.029243422634465
A22-313CD34NEUN.svs,Neuron,Layer1,14808.7,4140.8,Layer1,10.44030650891055
A22-313CD34NEUN.svs,Neuron,Layer1,14794.3,4149.0,Layer1,26.847718711280983
A22-313CD34NEUN.svs,Neuron,Layer1,14810.2,4151.5,Layer1,16.12265486822797
A22-313CD34NEUN.svs,Neuron,Layer1,14800.6,4155.3,Layer1,25.176576415390816
A22-313CD34NEUN.svs,Neuron,Layer1,14805.0,4162.8,Layer1,23.18469322635138
A22-313CD34NEUN.svs,Neuron,Layer1,14824.9,4163.9,Layer1,26.53469426995518
A22-313CD34NEUN.svs,Neuron,Layer1,14831.2,4164.0,Layer1,26.30475242232874
A22-313CD34NEUN.svs,Neuron,Layer1,14834.0,4174.0,Layer1,36.3727920292079
A22-313CD34NEUN.svs,Neuron,Layer1,14786.2,4193.6,Layer1,12.96186714944949
A22-313CD34NEUN.svs,Neuron,Layer1,14800.1,4193.8,Layer1,12.416923934695333
A22-313CD34NEUN.svs,Neuron,Layer1,14816.1,4199.4,Layer1,19.37756434642962
A22-313CD34NEUN.svs,Neuron,Layer1,14797.1,4201.6,Layer1,17.695479648767854
A22-313CD34NEUN.svs,Neuron,Layer1,14806.1,4200.4,Layer1,16.015305179733495
A22-313CD34NEUN.svs,Neuron,Layer1,14785.5,4205.1,Layer1,11.896217886369788
A22-313CD34NEUN.svs,Neuron,Layer1,14794.3,4208.3,Layer1,14.894965592440661
A22-313CD34NEUN.svs,Neuron,Layer1,14810.7,4208.7,Layer1,8.63133825081653
A22-313CD34NEUN.svs,Neuron,Layer1,14802.3,4223.0,Layer1,7.988116173416909
A22-313CD34NEUN.svs,Neuron,Layer1,14784.5,4226.1,Layer1,7.479304780525972
A22-313CD34NEUN.svs,Neuron,Layer1,14809.8,4226.3,Layer1,10.060318086422736
A22-313CD34NEUN.svs,Neuron,Layer1,14797.1,4228.6,Layer1,11.90168055360177
A22-313CD34NEUN.svs,Neuron,Layer1,14786.2,4241.2,Layer1,14.042791745233696
A22-313CD34NEUN.svs,Neuron,Layer1,14793.6,4250.7,Layer1,19.632880583347823
A22-313CD34NEUN.svs,Neuron,Layer1,14793.6,4266.9,Layer1,33.57692660146236
A22-313CD34NEUN.svs,Neuron,Layer1,14792.6,4274.2,Layer1,40.362854210276204
A22-313CD34NEUN.svs,Neuron,Layer1,14917.0,4276.6,Layer1,33.015148038438355
A22-313CD34NEUN.svs,Neuron,Layer1,14820.8,4492.8,Layer1,26.654267950930574
A22-313CD34NEUN.svs,Neuron,Layer1,13928.0,5062.2,Layer1,44.95653456395478
A22-313CD34NEUN.svs,Neuron,Layer1,13932.0,5073.7,Layer1,46.37283687677591
A22-313CD34NEUN.svs,Neuron,Layer1,13987.6,5130.8,Layer1,25.251732613823386
A22-313CD34NEUN.svs,Neuron,Layer1,14198.2,5132.5,Layer1,17.72794404323192
A22-313CD34NEUN.svs,Neuron,Layer1,13991.0,5140.2,Layer1,33.82454729926146
A22-313CD34NEUN.svs,Neuron,Layer1,13988.6,5147.1,Layer1,28.698606237933934
A22-313CD34NEUN.svs,Neuron,Layer1,13982.6,5163.2,Layer1,21.77200036744392
A22-313CD34NEUN.svs,Neuron,Layer1,13986.1,5169.0,Layer1,27.14719138327156
A22-313CD34NEUN.svs,Neuron,Layer1,13989.4,5173.3,Layer1,29.143095237121983
A22-313CD34NEUN.svs,Neuron,Layer1,13802.4,5194.3,Layer1,20.912197397691557
A22-313CD34NEUN.svs,Neuron,Layer1,13729.2,5201.3,Layer1,49.58638926157019
A22-313CD34NEUN.svs,Neuron,Layer1,13767.8,5220.2,Layer1,15.420765220960563
A22-313CD34NEUN.svs,Neuron,Layer1,13685.9,5258.3,Layer1,38.69483169623547
A22-313CD34NEUN.svs,Neuron,Layer1,13657.2,5352.9,Layer1,47.2055081531803
A22-313CD34NEUN.svs,Neuron,Layer1,13703.4,5364.0,Layer1,15.913830462839549
A22-313CD34NEUN.svs,Neuron,Layer1,13682.2,5378.5,Layer1,32.89331239021086
A22-313CD34NEUN.svs,Neuron,Layer1,13720.1,5379.8,Layer1,27.809710534272405
A22-313CD34NEUN.svs,Neuron,Layer1,13724.0,5387.1,Layer1,35.802234567133354
A22-313CD34NEUN.svs,Neuron,Layer1,14655.4,4749.3,Layer1,25.039169315294767
A22-313CD34NEUN.svs,Neuron,Layer1,13363.0,5579.9,Layer1,16.28557644052002
A22-313CD34NEUN.svs,Neuron,Layer1,13133.5,5811.9,Layer1,51.34754132380611
A22-313CD34NEUN.svs,Neuron,Layer1,13185.8,5812.6,Layer1,24.423349483639626
A22-313CD34NEUN.svs,Neuron,Layer1,13126.2,5818.0,Layer1,60.6139422905321
A22-313CD34NEUN.svs,Neuron,Layer1,13193.1,5819.8,Layer1,15.457360706149053
A22-313CD34NEUN.svs,Neuron,Layer1,13197.0,5836.4,Layer1,2.1400934559034055
A22-313CD34NEUN.svs,Neuron,Layer1,13215.8,5888.3,Layer1,8.92020179143992
A22-313CD34NEUN.svs,Neuron,Layer1,13272.6,5891.9,Layer1,22.09999999999983
A22-313CD34NEUN.svs,Neuron,Layer1,13223.7,5899.4,Layer1,21.73131381210073
A22-313CD34NEUN.svs,Neuron,Layer1,13212.7,5898.5,Layer1,19.262917743686025
A22-313CD34NEUN.svs,Neuron,Layer1,13220.3,5906.9,Layer1,27.968911312383707
A22-313CD34NEUN.svs,Neuron,Layer1,13220.8,5914.6,Layer1,28.27047930262226
A22-313CD34NEUN.svs,Neuron,Layer1,13005.4,5954.9,Layer1,104.07194626795427
A22-313CD34NEUN.svs,Neuron,Layer1,13175.7,6000.2,Layer1,32.869438693107256
A22-313CD34NEUN.svs,Neuron,Layer1,13627.9,5528.2,Layer1,19.304144632693657
A22-313CD34NEUN.svs,Neuron,Layer1,13619.4,5537.2,Layer1,13.10152662860361
A22-313CD34NEUN.svs,Neuron,Layer1,12711.8,6570.1,Layer1,21.220037700248223
A22-313CD34NEUN.svs,Neuron,Layer1,12874.3,6664.0,Layer1,33.84213350248489
A22-313CD34NEUN.svs,Neuron,Layer1,12874.0,6683.5,Layer1,53.244811953842074
A22-313CD34NEUN.svs,Neuron,Layer1,12616.6,6754.8,Layer1,33.43486204547601
A22-313CD34NEUN.svs,Neuron,Layer1,12672.7,6759.7,Layer1,37.97696670351512
A22-313CD34NEUN.svs,Neuron,Layer1,12675.9,6765.9,Layer1,32.50246144525023
A22-313CD34NEUN.svs,Neuron,Layer1,12643.7,6869.0,Layer1,29.144639301250546
A22-313CD34NEUN.svs,Neuron,Layer1,12847.4,6876.9,Layer1,27.55358415887063
A22-313CD34NEUN.svs,Neuron,Layer1,12656.8,6933.1,Layer1,10.830050784738543
A22-313CD34NEUN.svs,Neuron,Layer1,12614.9,6935.8,Layer1,38.08884351092852
A22-313CD34NEUN.svs,Neuron,Layer1,12595.4,6940.9,Layer1,46.29492412781277
A22-313CD34NEUN.svs,Neuron,Layer1,12602.0,6961.8,Layer1,50.583099944546355
A22-313CD34NEUN.svs,Neuron,Layer1,12837.7,6964.1,Layer1,46.653831568264266
A22-313CD34NEUN.svs,Neuron,Layer1,12602.5,6969.3,Layer1,51.27621280866956
A22-313CD34NEUN.svs,Neuron,Layer1,12706.1,6996.7,Layer1,9.102197536859247
A22-313CD34NEUN.svs,Neuron,Layer1,12825.4,7006.8,Layer1,9.503683496413098
A22-313CD34NEUN.svs,Neuron,Layer1,12837.9,7024.8,Layer1,29.25696498271831
A22-313CD34NEUN.svs,Neuron,Layer1,12864.7,7086.9,Layer1,41.394323282306104
A22-313CD34NEUN.svs,Neuron,Layer1,12597.8,7097.2,Layer1,17.202906731131396
A22-313CD34NEUN.svs,Neuron,Layer1,12659.3,7182.7,Layer1,50.013698123614134
A22-313CD34NEUN.svs,Neuron,Layer1,12603.5,7229.5,Layer1,13.448048185517758
A22-313CD34NEUN.svs,Neuron,Layer1,12616.1,7236.4,Layer1,11.599999999999454
A22-313CD34NEUN.svs,Neuron,Layer1,12603.9,7251.4,Layer1,29.26431273753048
A22-313CD34NEUN.svs,Neuron,Layer1,12641.5,7267.6,Layer1,49.76946855251719
A22-313CD34NEUN.svs,Neuron,Layer1,12906.1,7284.5,Layer1,50.32057233378781
A22-313CD34NEUN.svs,Neuron,Layer1,12666.4,7288.2,Layer1,57.412542183743305
A22-313CD34NEUN.svs,Neuron,Layer1,12645.3,7289.5,Layer1,70.98401228445678
A22-313CD34NEUN.svs,Neuron,Layer1,12656.6,7325.6,Layer1,55.036351623268054
A22-313CD34NEUN.svs,Neuron,Layer1,12870.5,7336.2,Layer1,27.843132007732223
A22-313CD34NEUN.svs,Neuron,Layer1,17730.4,7375.7,Layer1,81.19359580656669
A22-313CD34NEUN.svs,Neuron,Layer1,12658.3,7341.1,Layer1,56.09937611061389
A22-313CD34NEUN.svs,Neuron,Layer1,12726.8,7494.9,Layer1,19.602295783914013
A22-313CD34NEUN.svs,Neuron,Layer1,12854.7,7563.5,Layer1,51.230557287619
A22-313CD34NEUN.svs,Neuron,Layer1,13195.2,7666.1,Layer1,21.819486703402774
A22-313CD34NEUN.svs,Neuron,Layer1,12930.4,7732.8,Layer1,67.49466645595035
A22-313CD34NEUN.svs,Neuron,Layer1,13237.9,7765.3,Layer1,24.35159132377063
A22-313CD34NEUN.svs,Neuron,Layer1,13104.1,7819.9,Layer1,9.426027795417943
A22-313CD34NEUN.svs,Neuron,Layer1,13093.1,7829.7,Layer1,17.41062893751864
A22-313CD34NEUN.svs,Neuron,Layer1,13282.6,7892.4,Layer1,41.317429736130606
A22-313CD34NEUN.svs,Neuron,Layer1,13155.5,7894.3,Layer1,73.90209739919489
A22-313CD34NEUN.svs,Neuron,Layer1,13205.5,7927.4,Layer1,50.91247391356989
A22-313CD34NEUN.svs,Neuron,Layer1,13260.1,7940.1,Layer1,52.38940732629158
A22-313CD34NEUN.svs,Neuron,Layer1,13256.8,7947.7,Layer1,58.58754133772811
A22-313CD34NEUN.svs,Neuron,Layer1,13308.1,7981.0,Layer1,39.0302446828101
A22-313CD34NEUN.svs,Neuron,Layer1,13375.3,7987.2,Layer1,33.08473968463273
A22-313CD34NEUN.svs,Neuron,Layer1,13370.1,7996.8,Layer1,26.400757564887808
A22-313CD34NEUN.svs,Neuron,Layer1,13382.8,7998.1,Layer1,39.115470085375264
A22-313CD34NEUN.svs,Neuron,Layer1,13523.4,8052.7,Layer1,26.38048521161097
A22-313CD34NEUN.svs,Neuron,Layer1,13484.9,8054.7,Layer1,45.646467552264056
A22-313CD34NEUN.svs,Neuron,Layer1,13490.9,8054.6,Layer1,51.456097792194605
A22-313CD34NEUN.svs,Neuron,Layer1,13499.8,8054.5,Layer1,46.9068225314835
A22-313CD34NEUN.svs,Neuron,Layer1,13534.3,8057.1,Layer1,15.289865924853823
A22-313CD34NEUN.svs,Neuron,Layer1,13528.5,8058.3,Layer1,19.005788591900117
A22-313CD34NEUN.svs,Neuron,Layer1,13521.0,8058.5,Layer1,25.592381678929573
A22-313CD34NEUN.svs,Neuron,Layer1,13556.8,8057.6,Layer1,16.29355700882891
A22-313CD34NEUN.svs,Neuron,Layer1,13714.9,7978.4,Layer1,24.446063077723103
A22-313CD34NEUN.svs,Neuron,Layer1,13760.4,8073.3,Layer1,31.161033358988742
A22-313CD34NEUN.svs,Neuron,Layer1,13790.9,8081.3,Layer1,20.69685966517662
A22-313CD34NEUN.svs,Neuron,Layer1,13807.9,8152.7,Layer1,43.079577528105276
A22-313CD34NEUN.svs,Neuron,Layer1,14307.0,8168.1,Layer1,15.990622251807084
A22-313CD34NEUN.svs,Neuron,Layer1,13846.3,8169.6,Layer1,48.99673458507268
A22-313CD34NEUN.svs,Neuron,Layer1,14482.3,8189.0,Layer1,59.340121334557594
A22-313CD34NEUN.svs,Neuron,Layer1,14493.0,8199.4,Layer1,44.654227123532216
A22-313CD34NEUN.svs,Neuron,Layer1,14743.5,8305.6,Layer1,24.216729754447968
A22-313CD34NEUN.svs,Neuron,Layer1,16603.7,8097.6,Layer1,53.45886268898855
A22-313CD34NEUN.svs,Neuron,Layer1,16516.0,8109.2,Layer1,27.038676003088337
A22-313CD34NEUN.svs,Neuron,Layer1,16488.8,8140.0,Layer1,32.006249389766964
A22-313CD34NEUN.svs,Neuron,Layer1,16434.1,8150.1,Layer1,48.46462627525534
A22-313CD34NEUN.svs,Neuron,Layer1,16530.9,8157.7,Layer1,23.94598087362512
A22-313CD34NEUN.svs,Neuron,Layer1,16392.6,8185.3,Layer1,78.35164325016034
A22-313CD34NEUN.svs,Neuron,Layer1,16308.2,8236.6,Layer1,82.84183725630528
A22-313CD34NEUN.svs,Neuron,Layer1,16560.2,8244.5,Layer1,38.39283787375064
A22-313CD34NEUN.svs,Neuron,Layer1,16260.4,8281.9,Layer1,28.420063335609473
A22-313CD34NEUN.svs,Neuron,Layer1,16239.7,8304.3,Layer1,24.19442084448494
A22-313CD34NEUN.svs,Neuron,Layer1,16357.5,8310.9,Layer1,75.66379583393888
A22-313CD34NEUN.svs,Neuron,Layer1,17647.3,7400.4,Layer1,43.276090396431556
A22-313CD34NEUN.svs,Neuron,Layer1,17306.2,7598.5,Layer1,53.48467070105195
A22-313CD34NEUN.svs,Neuron,Layer1,17532.0,7638.5,Layer1,26.294486114011963
A22-313CD34NEUN.svs,Neuron,Layer1,17521.0,7663.4,Layer1,49.31460229992664
A22-313CD34NEUN.svs,Neuron,Layer1,17619.5,7687.7,Layer1,43.22614949310197
A22-313CD34NEUN.svs,Neuron,Layer1,17038.6,7820.3,Layer1,36.64669152870406
A22-313CD34NEUN.svs,Neuron,Layer1,17031.8,7825.3,Layer1,29.548942451465336
A22-313CD34NEUN.svs,Neuron,Layer1,16999.8,7852.7,Layer1,23.517227727774397
A22-313CD34NEUN.svs,Neuron,Layer1,16970.0,7861.5,Layer1,53.882279090624195
A22-313CD34NEUN.svs,Neuron,Layer1,17118.7,7884.3,Layer1,48.43438860974728
A22-313CD34NEUN.svs,Neuron,Layer1,17028.9,7923.7,Layer1,16.595180023127494
A22-313CD34NEUN.svs,Neuron,Layer1,16873.8,7925.5,Layer1,31.653277871335188
A22-313CD34NEUN.svs,Neuron,Layer1,17758.8,7379.9,Layer1,99.6600722456096
A22-313CD34NEUN.svs,Neuron,Layer1,17750.9,7384.2,Layer1,91.6127720353453
A22-313CD34NEUN.svs,Neuron,Layer1,18063.9,7460.3,Layer1,64.7173083494652
A22-313CD34NEUN.svs,Neuron,Layer1,17700.1,7534.1,Layer1,42.420867506455416
A22-313CD34NEUN.svs,Neuron,Layer1,18262.4,7664.3,Layer1,26.196373794859472
A22-313CD34NEUN.svs,Neuron,Layer1,18259.3,7709.8,Layer1,22.737853900488666
A22-313CD34NEUN.svs,Neuron,Layer1,18255.6,8096.9,Layer1,14.94021418855843
A22-313CD34NEUN.svs,Neuron,Layer1,18259.2,8231.0,Layer1,29.644561052577135
A22-313CD34NEUN.svs,Neuron,Layer1,13283.1,8588.1,Layer1,47.60094536876379
A22-313CD34NEUN.svs,Neuron,Layer1,13271.8,8593.9,Layer1,59.156233821974936
A22-313CD34NEUN.svs,Neuron,Layer1,13294.5,8603.0,Layer1,39.03331910048213
A22-313CD34NEUN.svs,Neuron,Layer1,13290.1,8611.4,Layer1,46.66219026149576
A22-313CD34NEUN.svs,Neuron,Layer1,12951.4,8641.0,Layer1,67.66505745212993
A22-313CD34NEUN.svs,Neuron,Layer1,12941.0,8641.5,Layer1,58.11789741551284
A22-313CD34NEUN.svs,Neuron,Layer1,12924.7,8644.8,Layer1,42.469400749246944
A22-313CD34NEUN.svs,Neuron,Layer1,12933.2,8645.0,Layer1,49.59395124407942
A22-313CD34NEUN.svs,Neuron,Layer1,12952.0,8647.9,Layer1,65.68142812089354
A22-313CD34NEUN.svs,Neuron,Layer1,12934.6,8653.0,Layer1,47.57141999142024
A22-313CD34NEUN.svs,Neuron,Layer1,12827.7,8652.1,Layer1,36.86570221764353
A22-313CD34NEUN.svs,Neuron,Layer1,12897.3,8653.4,Layer1,17.309246084102316
A22-313CD34NEUN.svs,Neuron,Layer1,12949.5,8655.3,Layer1,61.25177548447152
A22-313CD34NEUN.svs,Neuron,Layer1,12841.5,8657.7,Layer1,32.798932909471006
A22-313CD34NEUN.svs,Neuron,Layer1,13172.9,8659.4,Layer1,63.00126982847219
A22-313CD34NEUN.svs,Neuron,Layer1,12797.8,8661.0,Layer1,34.188009594008186
A22-313CD34NEUN.svs,Neuron,Layer1,12790.2,8662.9,Layer1,38.06166049977244
A22-313CD34NEUN.svs,Neuron,Layer1,12933.4,8666.0,Layer1,43.70308913566673
A22-313CD34NEUN.svs,Neuron,Layer1,12918.3,8665.2,Layer1,28.752217305800862
A22-313CD34NEUN.svs,Neuron,Layer1,12774.6,8666.7,Layer1,49.11140397097083
A22-313CD34NEUN.svs,Neuron,Layer1,12891.1,8663.7,Layer1,5.457105459856455
A22-313CD34NEUN.svs,Neuron,Layer1,12927.4,8672.5,Layer1,37.76254758355198
A22-313CD34NEUN.svs,Neuron,Layer1,12753.5,8668.8,Layer1,66.54449639151345
A22-313CD34NEUN.svs,Neuron,Layer1,12743.8,8673.8,Layer1,61.35055011978395
A22-313CD34NEUN.svs,Neuron,Layer1,12896.4,8672.7,Layer1,7.5663729752114515
A22-313CD34NEUN.svs,Neuron,Layer1,12735.9,8679.4,Layer1,53.195864500918546
A22-313CD34NEUN.svs,Neuron,Layer1,12729.7,8671.9,Layer1,58.81538914263951
A22-313CD34NEUN.svs,Neuron,Layer1,12922.3,8676.5,Layer1,33.354160160315836
A22-313CD34NEUN.svs,Neuron,Layer1,12912.7,8677.8,Layer1,24.532631330537168
A22-313CD34NEUN.svs,Neuron,Layer1,12717.0,8674.3,Layer1,55.31527817881891
A22-313CD34NEUN.svs,Neuron,Layer1,12706.4,8681.0,Layer1,50.03568726419201
A22-313CD34NEUN.svs,Neuron,Layer1,12895.3,8680.3,Layer1,12.56741819149755
A22-313CD34NEUN.svs,Neuron,Layer1,12691.7,8679.8,Layer1,56.458834561121
A22-313CD34NEUN.svs,Neuron,Layer1,12681.8,8681.4,Layer1,60.46064835907791
A22-313CD34NEUN.svs,Neuron,Layer1,12723.8,8687.4,Layer1,42.55690308281444
A22-313CD34NEUN.svs,Neuron,Layer1,12667.0,8682.6,Layer1,58.23126308092577
A22-313CD34NEUN.svs,Neuron,Layer1,12673.0,8683.5,Layer1,61.59098960075273
A22-313CD34NEUN.svs,Neuron,Layer1,13227.5,8685.7,Layer1,57.03121952054016
A22-313CD34NEUN.svs,Neuron,Layer1,12656.9,8687.9,Layer1,47.90260953225847
A22-313CD34NEUN.svs,Neuron,Layer1,12872.0,8688.4,Layer1,25.456826196523085
A22-313CD34NEUN.svs,Neuron,Layer1,12899.7,8691.5,Layer1,24.58170051074638
A22-313CD34NEUN.svs,Neuron,Layer1,12643.8,8691.8,Layer1,38.25388869121708
A22-313CD34NEUN.svs,Neuron,Layer1,12698.7,8697.5,Layer1,37.61076973421265
A22-313CD34NEUN.svs,Neuron,Layer1,12643.7,8701.9,Layer1,29.042382822351897
A22-313CD34NEUN.svs,Neuron,Layer1,12771.9,8704.6,Layer1,26.325083095785594
A22-313CD34NEUN.svs,Neuron,Layer1,12826.0,8701.6,Layer1,15.430489298788459
A22-313CD34NEUN.svs,Neuron,Layer1,12722.9,8703.5,Layer1,26.50226405422794
A22-313CD34NEUN.svs,Neuron,Layer1,12862.9,8707.0,Layer1,23.479778533878125
A22-313CD34NEUN.svs,Neuron,Layer1,12630.9,8705.8,Layer1,21.627991122617388
A22-313CD34NEUN.svs,Neuron,Layer1,12639.1,8708.0,Layer1,21.51394896340526
A22-313CD34NEUN.svs,Neuron,Layer1,12815.9,8710.7,Layer1,22.996521476085242
A22-313CD34NEUN.svs,Neuron,Layer1,12843.9,8712.9,Layer1,22.95931183637634
A22-313CD34NEUN.svs,Neuron,Layer1,12855.2,8714.1,Layer1,25.49431309135444
A22-313CD34NEUN.svs,Neuron,Layer1,12802.7,8713.1,Layer1,22.318154045530918
A22-313CD34NEUN.svs,Neuron,Layer1,12968.9,8713.6,Layer1,38.29582222645134
A22-313CD34NEUN.svs,Neuron,Layer1,12824.8,8714.4,Layer1,27.148848962709188
A22-313CD34NEUN.svs,Neuron,Layer1,12812.5,8717.5,Layer1,28.783675929249096
A22-313CD34NEUN.svs,Neuron,Layer1,12818.5,8719.2,Layer1,31.30255580619685
A22-313CD34NEUN.svs,Neuron,Layer1,12808.3,8723.1,Layer1,23.264135487913286
A22-313CD34NEUN.svs,Neuron,Layer1,12829.5,8723.5,Layer1,37.144582377515476
A22-313CD34NEUN.svs,Neuron,Layer1,12681.4,8730.1,Layer1,27.324714088164992
A22-313CD34NEUN.svs,Neuron,Layer1,12765.7,8734.2,Layer1,20.906697491472848
A22-313CD34NEUN.svs,Neuron,Layer1,12750.4,8731.6,Layer1,32.16224494652112
A22-313CD34NEUN.svs,Neuron,Layer1,12631.2,8734.1,Layer1,6.8447059834600505
A22-313CD34NEUN.svs,Neuron,Layer1,12671.6,8735.2,Layer1,20.715453169070514
A22-313CD34NEUN.svs,Neuron,Layer1,12652.9,8742.9,Layer1,23.43608329051593
A22-313CD34NEUN.svs,Neuron,Layer1,12625.0,8736.3,Layer1,10.111874208077676
A22-313CD34NEUN.svs,Neuron,Layer1,12756.6,8736.5,Layer1,30.26433544619714
A22-313CD34NEUN.svs,Neuron,Layer1,12738.2,8737.6,Layer1,21.44784371446365
A22-313CD34NEUN.svs,Neuron,Layer1,12671.1,8744.2,Layer1,11.772000679577477
A22-313CD34NEUN.svs,Neuron,Layer1,12733.0,8749.0,Layer1,24.34029580756995
A22-313CD34NEUN.svs,Neuron,Layer1,12748.7,8747.8,Layer1,25.46860812844033
A22-313CD34NEUN.svs,Neuron,Layer1,12741.2,8747.8,Layer1,28.92922397853157
A22-313CD34NEUN.svs,Neuron,Layer1,12614.4,8748.1,Layer1,25.80019379772212
A22-313CD34NEUN.svs,Neuron,Layer1,12711.6,8748.4,Layer1,19.958206332232315
A22-313CD34NEUN.svs,Neuron,Layer1,12681.8,8750.5,Layer1,10.840664186293626
A22-313CD34NEUN.svs,Neuron,Layer1,12701.1,8750.2,Layer1,26.83654225119133
A22-313CD34NEUN.svs,Neuron,Layer1,12628.8,8749.9,Layer1,22.522211259110417
A22-313CD34NEUN.svs,Neuron,Layer1,12663.5,8751.1,Layer1,10.111874208077676
A22-313CD34NEUN.svs,Neuron,Layer1,12608.0,8750.7,Layer1,31.90814942926053
A22-313CD34NEUN.svs,Neuron,Layer1,12634.2,8751.7,Layer1,24.69514122251715
A22-313CD34NEUN.svs,Neuron,Layer1,12723.9,8755.0,Layer1,26.00999807766209
A22-313CD34NEUN.svs,Neuron,Layer1,12642.8,8754.6,Layer1,29.62853354454148
A22-313CD34NEUN.svs,Neuron,Layer1,12694.1,8753.1,Layer1,21.879899451323524
A22-313CD34NEUN.svs,Neuron,Layer1,12717.5,8753.5,Layer1,23.91338537304958
A22-313CD34NEUN.svs,Neuron,Layer1,12686.4,8758.1,Layer1,14.171802990445613
A22-313CD34NEUN.svs,Neuron,Layer1,12693.2,8759.8,Layer1,21.162466774930625
A22-313CD34NEUN.svs,Neuron,Layer1,12679.9,8761.3,Layer1,9.241753080449405
A22-313CD34NEUN.svs,Neuron,Layer1,12672.1,8768.6,Layer1,12.703542812932858
A22-313CD34NEUN.svs,Neuron,Layer1,12688.4,8767.1,Layer1,19.530488985174344
A22-313CD34NEUN.svs,Neuron,Layer1,13089.1,8811.9,Layer1,11.960351165414213
A22-313CD34NEUN.svs,Neuron,Layer1,12800.8,8814.6,Layer1,33.51790566249569
A22-313CD34NEUN.svs,Neuron,Layer1,13272.5,8826.4,Layer1,27.40656855573175
A22-313CD34NEUN.svs,Neuron,Layer1,13396.9,8829.3,Layer1,32.50107690523502
A22-313CD34NEUN.svs,Neuron,Layer1,13541.2,8857.5,Layer1,46.26121485650864
A22-313CD34NEUN.svs,Neuron,Layer1,13364.7,8866.6,Layer1,15.601281998605836
A22-313CD34NEUN.svs,Neuron,Layer1,13354.7,8867.3,Layer1,13.324038426842648
A22-313CD34NEUN.svs,Neuron,Layer1,12632.8,8905.7,Layer1,24.149534156997728
A22-313CD34NEUN.svs,Neuron,Layer1,12893.1,8948.4,Layer1,19.515122341405878
A22-313CD34NEUN.svs,Neuron,Layer1,12885.1,8953.4,Layer1,16.280049139975635
A22-313CD34NEUN.svs,Neuron,Layer1,12795.8,8970.1,Layer1,46.8710998377473
A22-313CD34NEUN.svs,Neuron,Layer1,12834.5,8971.4,Layer1,51.24099920961671
A22-313CD34NEUN.svs,Neuron,Layer1,12804.3,8980.4,Layer1,55.28435583417794
A22-313CD34NEUN.svs,Neuron,Layer1,12734.6,8978.3,Layer1,57.200349649281215
A22-313CD34NEUN.svs,Neuron,Layer1,12741.8,8992.9,Layer1,71.62625217055495
A22-313CD34NEUN.svs,Neuron,Layer1,12677.6,8996.5,Layer1,49.783933151168235
A22-313CD34NEUN.svs,Neuron,Layer1,12688.8,8994.9,Layer1,47.46072060135585
A22-313CD34NEUN.svs,Neuron,Layer1,14374.7,8305.9,Layer1,27.313000567495326
A22-313CD34NEUN.svs,Neuron,Layer1,14424.3,8412.3,Layer1,20.374739262135783
A22-313CD34NEUN.svs,Neuron,Layer1,13908.8,8645.9,Layer1,36.677649870184986
A22-313CD34NEUN.svs,Neuron,Layer1,14018.5,8652.6,Layer1,70.05954610186981
A22-313CD34NEUN.svs,Neuron,Layer1,14203.5,8715.7,Layer1,40.83148295127132
A22-313CD34NEUN.svs,Neuron,Layer1,13732.3,8740.4,Layer1,26.34103262972034
A22-313CD34NEUN.svs,Neuron,Layer1,13868.2,8799.8,Layer1,32.53013987058769
A22-313CD34NEUN.svs,Neuron,Layer1,13679.5,8836.1,Layer1,23.287979732042896
A22-313CD34NEUN.svs,Neuron,Layer1,14119.0,8932.3,Layer1,17.00000000000073
A22-313CD34NEUN.svs,Neuron,Layer1,14123.2,8980.2,Layer1,41.690886294250134
A22-313CD34NEUN.svs,Neuron,Layer1,14870.6,8347.0,Layer1,15.648642113614954
A22-313CD34NEUN.svs,Neuron,Layer1,15532.1,8402.3,Layer1,34.57701548717058
A22-313CD34NEUN.svs,Neuron,Layer1,14911.0,8407.7,Layer1,42.07291290129553
A22-313CD34NEUN.svs,Neuron,Layer1,15550.8,8406.8,Layer1,16.618363336984874
A22-313CD34NEUN.svs,Neuron,Layer1,15536.3,8417.4,Layer1,26.41893260523742
A22-313CD34NEUN.svs,Neuron,Layer1,15166.7,8428.3,Layer1,28.87663415289277
A22-313CD34NEUN.svs,Neuron,Layer1,15458.3,8426.8,Layer1,10.543718509140335
A22-313CD34NEUN.svs,Neuron,Layer1,15479.7,8450.6,Layer1,31.421171206688367
A22-313CD34NEUN.svs,Neuron,Layer1,15495.9,8446.9,Layer1,45.18783022009249
A22-313CD34NEUN.svs,Neuron,Layer1,15494.0,8455.1,Layer1,44.97821694998648
A22-313CD34NEUN.svs,Neuron,Layer1,14703.4,8555.7,Layer1,39.618177646126355
A22-313CD34NEUN.svs,Neuron,Layer1,14953.6,8562.9,Layer1,56.90711730530688
A22-313CD34NEUN.svs,Neuron,Layer1,14925.0,8629.6,Layer1,44.23403666861163
A22-313CD34NEUN.svs,Neuron,Layer1,14910.8,8633.5,Layer1,35.8803567429314
A22-313CD34NEUN.svs,Neuron,Layer1,15334.1,8657.5,Layer1,53.10414296455494
A22-313CD34NEUN.svs,Neuron,Layer1,15457.0,8671.0,Layer1,71.56046394483452
A22-313CD34NEUN.svs,Neuron,Layer1,15548.8,8675.4,Layer1,71.49671321116732
A22-313CD34NEUN.svs,Neuron,Layer1,15561.1,8680.8,Layer1,67.8246267958755
A22-313CD34NEUN.svs,Neuron,Layer1,14847.0,9090.7,Layer1,105.5585619454904
A22-313CD34NEUN.svs,Neuron,Layer1,16231.4,8290.2,Layer1,28.317662332897125
A22-313CD34NEUN.svs,Neuron,Layer1,16528.3,8291.9,Layer1,47.8088903866219
A22-313CD34NEUN.svs,Neuron,Layer1,16242.3,8295.0,Layer1,29.624989451475265
A22-313CD34NEUN.svs,Neuron,Layer1,16202.6,8310.6,Layer1,16.168178623456736
A22-313CD34NEUN.svs,Neuron,Layer1,15914.5,8362.1,Layer1,64.24406587382246
A22-313CD34NEUN.svs,Neuron,Layer1,15898.3,8375.0,Layer1,48.66590182047356
A22-313CD34NEUN.svs,Neuron,Layer1,15762.1,8413.1,Layer1,24.78144467136649
A22-313CD34NEUN.svs,Neuron,Layer1,16455.6,8434.9,Layer1,37.805819657825985
A22-313CD34NEUN.svs,Neuron,Layer1,16374.5,8546.8,Layer1,70.37513765528243
A22-313CD34NEUN.svs,Neuron,Layer1,15903.9,8640.5,Layer1,36.10872470747156
A22-313CD34NEUN.svs,Neuron,Layer1,15844.2,8659.7,Layer1,87.77385715576021
A22-313CD34NEUN.svs,Neuron,Layer1,16804.7,8329.8,Layer1,53.853597837097674
A22-313CD34NEUN.svs,Neuron,Layer1,16793.0,8336.1,Layer1,64.17515095424396
A22-313CD34NEUN.svs,Neuron,Layer1,16708.8,8336.9,Layer1,74.16764793358314
A22-313CD34NEUN.svs,Neuron,Layer1,16712.0,8384.8,Layer1,68.65639081688043
A22-313CD34NEUN.svs,Neuron,Layer1,16690.8,8384.5,Layer1,50.56174443193252
A22-313CD34NEUN.svs,Neuron,Layer1,18246.1,8428.9,Layer1,20.012496096189718
A22-313CD34NEUN.svs,Neuron,Layer1,18153.5,8474.3,Layer1,85.23215355721109
A22-313CD34NEUN.svs,Neuron,Layer1,18232.5,8498.3,Layer1,16.736188335460692
A22-313CD34NEUN.svs,Neuron,Layer1,18117.6,8689.5,Layer1,35.924364990908046
A22-313CD34NEUN.svs,Neuron,Layer1,18187.4,8730.5,Layer1,38.69289340434422
A22-313CD34NEUN.svs,Neuron,Layer1,18230.2,8795.4,Layer1,27.57716446627458
A22-313CD34NEUN.svs,Neuron,Layer1,17885.6,8931.8,Layer1,104.20158348125261
A22-313CD34NEUN.svs,Neuron,Layer1,18144.1,8997.9,Layer1,84.95557662684428
A22-313CD34NEUN.svs,Neuron,Layer1,17831.0,9061.6,Layer1,75.06483863967115
A22-313CD34NEUN.svs,Neuron,Layer1,17998.5,9095.8,Layer1,46.53815638806445
A22-313CD34NEUN.svs,Neuron,Layer1,17911.7,9126.4,Layer1,41.22923719886245
A22-313CD34NEUN.svs,Neuron,Layer1,18031.6,9126.9,Layer1,41.387558517022995
A22-313CD34NEUN.svs,Neuron,Layer1,18007.9,9126.8,Layer1,30.647185841445314
A22-313CD34NEUN.svs,Neuron,Layer1,14835.5,9465.4,Layer1,25.923734298901117
A22-313CD34NEUN.svs,Neuron,Layer1,15228.9,9527.1,Layer1,71.946160425696
A22-313CD34NEUN.svs,Neuron,Layer1,15270.4,9542.5,Layer1,84.95881355103825
A22-313CD34NEUN.svs,Neuron,Layer1,15285.4,9550.0,Layer1,77.4354569948421
A22-313CD34NEUN.svs,Neuron,Layer1,15296.2,9554.9,Layer1,74.40994557181254
A22-313CD34NEUN.svs,Neuron,Layer1,15311.8,9559.1,Layer1,75.84826959133545
A22-313CD34NEUN.svs,Neuron,Layer1,15191.4,9555.7,Layer1,31.1261947561856
A22-313CD34NEUN.svs,Neuron,Layer1,15363.7,9631.6,Layer1,33.02377931127763
A22-313CD34NEUN.svs,Neuron,Layer1,15417.8,9766.9,Layer1,36.21380952067792
A22-313CD34NEUN.svs,Neuron,Layer1,15532.6,9788.4,Layer1,11.64989270336813
A22-313CD34NEUN.svs,Neuron,Layer1,15410.0,9794.6,Layer1,18.597042775667063
A22-313CD34NEUN.svs,Neuron,Layer1,15830.6,9712.9,Layer1,21.770622407271915
A22-313CD34NEUN.svs,Neuron,Layer1,15835.9,9717.8,Layer1,14.580123456268458
A22-313CD34NEUN.svs,Neuron,Layer1,15845.3,9740.2,Layer1,13.891724155050913
A22-313CD34NEUN.svs,Neuron,Layer1,15841.4,9746.5,Layer1,18.555861607588714
A22-313CD34NEUN.svs,Neuron,Layer1,15837.8,9752.9,Layer1,12.059850745345141
A22-313CD34NEUN.svs,Neuron,Layer1,15848.1,9755.8,Layer1,12.86934341759568
A22-313CD34NEUN.svs,Neuron,Layer1,15792.5,9760.4,Layer1,8.697700845624665
A22-313CD34NEUN.svs,Neuron,Layer1,15841.1,9771.5,Layer1,6.926037828369575
A22-313CD34NEUN.svs,Neuron,Layer1,15832.8,9769.6,Layer1,7.78010282708499
A22-313CD34NEUN.svs,Neuron,Layer1,15827.8,9779.2,Layer1,11.91049956970703
A22-313CD34NEUN.svs,Neuron,Layer1,15837.7,9779.9,Layer1,15.056227947264818
A22-313CD34NEUN.svs,Neuron,Layer1,15836.0,9785.4,Layer1,10.400961494016837
A22-313CD34NEUN.svs,Neuron,Layer1,15803.9,9798.6,Layer1,11.710678887238648
A22-313CD34NEUN.svs,Neuron,Layer1,15819.0,9798.5,Layer1,11.119802156512613
A22-313CD34NEUN.svs,Neuron,Layer1,15793.1,9805.0,Layer1,16.99205696788905
A22-313CD34NEUN.svs,Neuron,Layer1,15820.8,9813.2,Layer1,23.036058690670504
A22-313CD34NEUN.svs,Neuron,Layer1,15811.9,9812.2,Layer1,26.122212769978045
A22-313CD34NEUN.svs,Neuron,Layer1,15791.5,9816.3,Layer1,12.088010589010018
A22-313CD34NEUN.svs,Neuron,Layer1,15783.6,9813.4,Layer1,7.306161783044442
A22-313CD34NEUN.svs,Neuron,Layer1,15804.3,9814.1,Layer1,24.53487314008337
A22-313CD34NEUN.svs,Neuron,Layer1,15798.9,9818.0,Layer1,18.703208280934177
A22-313CD34NEUN.svs,Neuron,Layer1,15809.2,9820.8,Layer1,22.398660674247257
A22-313CD34NEUN.svs,Neuron,Layer1,15793.2,9829.3,Layer1,6.264982043071763
A22-313CD34NEUN.svs,Neuron,Layer1,15806.3,9826.6,Layer1,16.589454481687863
A22-313CD34NEUN.svs,Neuron,Layer1,15779.1,9836.5,Layer1,13.237824594697242
A22-313CD34NEUN.svs,Neuron,Layer1,15810.1,9837.8,Layer1,17.947980387777214
A22-313CD34NEUN.svs,Neuron,Layer1,15791.2,9846.9,Layer1,11.452947218947116
A22-313CD34NEUN.svs,Neuron,Layer1,15801.8,9840.4,Layer1,10.68924693325009
A22-313CD34NEUN.svs,Neuron,Layer1,15816.7,9846.9,Layer1,26.931765630943374
A22-313CD34NEUN.svs,Neuron,Layer1,16204.5,9849.9,Layer1,24.539356144771798
A22-313CD34NEUN.svs,Neuron,Layer1,15807.9,9850.5,Layer1,21.641626556245985
A22-313CD34NEUN.svs,Neuron,Layer1,15802.1,9855.4,Layer1,22.182200071228436
A22-313CD34NEUN.svs,Neuron,Layer1,15766.8,9855.1,Layer1,20.37253052519442
A22-313CD34NEUN.svs,Neuron,Layer1,16189.3,9857.7,Layer1,41.50301193889427
A22-313CD34NEUN.svs,Neuron,Layer1,15773.6,9859.9,Layer1,23.22455596992138
A22-313CD34NEUN.svs,Neuron,Layer1,16174.8,9860.2,Layer1,39.099999999998545
A22-313CD34NEUN.svs,Neuron,Layer1,16180.6,9864.5,Layer1,35.280022675729136
A22-313CD34NEUN.svs,Neuron,Layer1,16188.4,9865.6,Layer1,36.34074847880731
A22-313CD34NEUN.svs,Neuron,Layer1,15775.5,9872.0,Layer1,12.880993750483617
A22-313CD34NEUN.svs,Neuron,Layer1,16173.2,9882.0,Layer1,17.37383089591844
A22-313CD34NEUN.svs,Neuron,Layer1,15801.8,9874.8,Layer1,16.60873264279966
A22-313CD34NEUN.svs,Neuron,Layer1,16189.2,9873.7,Layer1,29.372095601096756
A22-313CD34NEUN.svs,Neuron,Layer1,15772.8,9881.5,Layer1,13.237069162016498
A22-313CD34NEUN.svs,Neuron,Layer1,15784.0,9883.4,Layer1,4.248529157248787
A22-313CD34NEUN.svs,Neuron,Layer1,15766.0,9892.4,Layer1,23.66114959168229
A22-313CD34NEUN.svs,Neuron,Layer1,15758.9,9890.1,Layer1,21.300234740489728
A22-313CD34NEUN.svs,Neuron,Layer1,15774.9,9891.7,Layer1,16.352675622050626
A22-313CD34NEUN.svs,Neuron,Layer1,15776.5,9899.7,Layer1,13.241223508421164
A22-313CD34NEUN.svs,Neuron,Layer1,15761.1,9902.6,Layer1,13.213629327326071
A22-313CD34NEUN.svs,Neuron,Layer1,16169.1,9903.3,Layer1,6.96347614342058
A22-313CD34NEUN.svs,Neuron,Layer1,16175.6,9908.2,Layer1,8.935882720807589
A22-313CD34NEUN.svs,Neuron,Layer1,15760.0,9913.8,Layer1,7.368174807914738
A22-313CD34NEUN.svs,Neuron,Layer1,16621.6,9912.1,Layer1,101.05364911768335
A22-313CD34NEUN.svs,Neuron,Layer1,16164.7,9912.9,Layer1,16.940188900953274
A22-313CD34NEUN.svs,Neuron,Layer1,16172.6,9914.9,Layer1,15.754364474646591
A22-313CD34NEUN.svs,Neuron,Layer1,16643.0,9918.3,Layer1,88.57494002255947
A22-313CD34NEUN.svs,Neuron,Layer1,15754.0,9918.9,Layer1,6.236986451805275
A22-313CD34NEUN.svs,Neuron,Layer1,16165.5,9920.4,Layer1,23.058620947489505
A22-313CD34NEUN.svs,Neuron,Layer1,16175.0,9925.8,Layer1,19.740820651636124
A22-313CD34NEUN.svs,Neuron,Layer1,16153.0,9921.1,Layer1,30.82985565973373
A22-313CD34NEUN.svs,Neuron,Layer1,16159.3,9925.2,Layer1,28.951856589864185
A22-313CD34NEUN.svs,Neuron,Layer1,16164.8,9932.5,Layer1,20.04120754845037
A22-313CD34NEUN.svs,Neuron,Layer1,15947.8,9952.7,Layer1,56.89868188279972
A22-313CD34NEUN.svs,Neuron,Layer1,16241.0,9997.0,Layer1,72.19487516437755
A22-313CD34NEUN.svs,Neuron,Layer1,16424.0,10016.1,Layer1,68.84250140719803
A22-313CD34NEUN.svs,Neuron,Layer1,16415.3,10012.3,Layer1,64.96229675742669
A22-313CD34NEUN.svs,Neuron,Layer1,16259.6,10054.4,Layer1,26.709174453735372
A22-313CD34NEUN.svs,Neuron,Layer1,17248.7,9632.3,Layer1,57.64312621640255
A22-313CD34NEUN.svs,Neuron,Layer1,17455.5,9679.8,Layer1,36.40027472423733
A22-313CD34NEUN.svs,Neuron,Layer1,17372.1,9766.2,Layer1,52.05573935696397
A22-313CD34NEUN.svs,Neuron,Layer1,16685.9,9913.3,Layer1,94.76840190696585
A22-313CD34NEUN.svs,Neuron,Layer1,16630.4,9930.5,Layer1,80.67713430706227
A22-313CD34NEUN.svs,Neuron,Layer1,17081.3,9934.4,Layer1,58.4522026958777
A22-313CD34NEUN.svs,Neuron,Layer1,16677.6,9964.4,Layer1,43.54595273960601
A22-313CD34NEUN.svs,Neuron,Layer1,16762.0,9992.9,Layer1,23.117525819168716
A22-313CD34NEUN.svs,Neuron,Layer1,16650.0,10126.1,Layer1,33.169865842357105
A22-313CD34NEUN.svs,Neuron,Layer1,17923.8,9252.4,Layer1,61.41831974256408
A22-313CD34NEUN.svs,Neuron,Layer1,17923.4,9295.0,Layer1,54.15542447437739
A22-313CD34NEUN.svs,Neuron,Layer1,17863.6,9303.2,Layer1,17.755280904566074
A22-313CD34NEUN.svs,Neuron,Layer1,12430.1,692.48,Layer1,34.70641007076356
A22-313CD34NEUN.svs,Neuron,Layer1,12409.3,696.93,Layer1,14.727674629756619
A22-313CD34NEUN.svs,Neuron,Layer1,12572.2,700.12,Layer1,8.606718306066197
A22-313CD34NEUN.svs,Neuron,Layer1,12411.0,704.66,Layer1,12.6282263204296
A22-313CD34NEUN.svs,Neuron,Layer1,12609.9,705.51,Layer1,29.534936939157678
A22-313CD34NEUN.svs,Neuron,Layer1,12381.1,710.17,Layer1,17.77595004493431
A22-313CD34NEUN.svs,Neuron,Layer1,12389.5,714.99,Layer1,12.076986379060278
A22-313CD34NEUN.svs,Neuron,Layer1,12690.3,724.76,Layer1,24.501275477003233
A22-313CD34NEUN.svs,Neuron,Layer1,12606.2,729.1,Layer1,38.28066875069025
A22-313CD34NEUN.svs,Neuron,Layer1,12300.1,729.4,Layer1,10.595418821358722
A22-313CD34NEUN.svs,Neuron,Layer1,12712.2,732.11,Layer1,4.4181444068750135
A22-313CD34NEUN.svs,Neuron,Layer1,12685.5,738.41,Layer1,26.368541863363657
A22-313CD34NEUN.svs,Neuron,Layer1,12307.0,734.42,Layer1,11.98175696632176
A22-313CD34NEUN.svs,Neuron,Layer1,12679.1,739.33,Layer1,32.821371086533375
A22-313CD34NEUN.svs,Neuron,Layer1,12692.9,739.05,Layer1,19.06991347646827
A22-313CD34NEUN.svs,Neuron,Layer1,12705.1,741.68,Layer1,8.462795046554357
A22-313CD34NEUN.svs,Neuron,Layer1,12307.7,744.22,Layer1,12.743331589502713
A22-313CD34NEUN.svs,Neuron,Layer1,12716.3,748.13,Layer1,12.460914894180126
A22-313CD34NEUN.svs,Neuron,Layer1,12727.9,748.4,Layer1,20.0145472094677
A22-313CD34NEUN.svs,Neuron,Layer1,12612.5,749.48,Layer1,36.68475023766678
A22-313CD34NEUN.svs,Neuron,Layer1,12302.7,752.12,Layer1,14.580552115746885
A22-313CD34NEUN.svs,Neuron,Layer1,12296.6,753.85,Layer1,14.692256463865661
A22-313CD34NEUN.svs,Neuron,Layer1,12734.2,755.0,Layer1,13.800057970892004
A22-313CD34NEUN.svs,Neuron,Layer1,12510.9,752.8,Layer1,87.3240264761076
A22-313CD34NEUN.svs,Neuron,Layer1,12499.2,756.96,Layer1,99.25124684355235
A22-313CD34NEUN.svs,Neuron,Layer1,12304.3,759.11,Layer1,21.59846290827174
A22-313CD34NEUN.svs,Neuron,Layer1,12494.2,763.57,Layer1,107.15611088500623
A22-313CD34NEUN.svs,Neuron,Layer1,12109.9,766.85,Layer1,19.81394458455961
A22-313CD34NEUN.svs,Neuron,Layer1,12309.1,768.62,Layer1,32.23216561138907
A22-313CD34NEUN.svs,Neuron,Layer1,12661.7,768.4,Layer1,29.44870795128383
A22-313CD34NEUN.svs,Neuron,Layer1,12958.0,768.73,Layer1,59.14871427174068
A22-313CD34NEUN.svs,Neuron,Layer1,12620.7,774.34,Layer1,11.245394612907186
A22-313CD34NEUN.svs,Neuron,Layer1,12665.3,774.36,Layer1,24.954630832773546
A22-313CD34NEUN.svs,Neuron,Layer1,12762.2,773.22,Layer1,23.06842864176108
A22-313CD34NEUN.svs,Neuron,Layer1,12669.7,778.98,Layer1,18.626958957381277
A22-313CD34NEUN.svs,Neuron,Layer1,12765.7,779.37,Layer1,25.517319608453157
A22-313CD34NEUN.svs,Neuron,Layer1,12216.8,786.14,Layer1,39.70070654283121
A22-313CD34NEUN.svs,Neuron,Layer1,13004.1,777.9,Layer1,59.71411977078772
A22-313CD34NEUN.svs,Neuron,Layer1,12687.4,782.94,Layer1,8.059181099838778
A22-313CD34NEUN.svs,Neuron,Layer1,12669.8,784.23,Layer1,15.857997982091241
A22-313CD34NEUN.svs,Neuron,Layer1,13004.8,785.28,Layer1,54.299676794617326
A22-313CD34NEUN.svs,Neuron,Layer1,12624.1,786.59,Layer1,4.8224889839176335
A22-313CD34NEUN.svs,Neuron,Layer1,12697.0,788.47,Layer1,12.750000000000348
A22-313CD34NEUN.svs,Neuron,Layer1,12676.6,789.3,Layer1,7.8799999999992805
A22-313CD34NEUN.svs,Neuron,Layer1,12667.2,791.04,Layer1,13.929953338041367
A22-313CD34NEUN.svs,Neuron,Layer1,12695.6,797.55,Layer1,13.276931121310234
A22-313CD34NEUN.svs,Neuron,Layer1,12623.3,794.52,Layer1,9.817845995940097
A22-313CD34NEUN.svs,Neuron,Layer1,12807.8,795.98,Layer1,25.108343234869157
A22-313CD34NEUN.svs,Neuron,Layer1,12732.0,798.6,Layer1,12.253097567553814
A22-313CD34NEUN.svs,Neuron,Layer1,12719.6,799.74,Layer1,23.81553274650743
A22-313CD34NEUN.svs,Neuron,Layer1,12804.2,800.0,Layer1,21.466627587957603
A22-313CD34NEUN.svs,Neuron,Layer1,12624.6,804.33,Layer1,19.525173494747992
A22-313CD34NEUN.svs,Neuron,Layer1,12683.5,805.84,Layer1,15.446242261469344
A22-313CD34NEUN.svs,Neuron,Layer1,12761.2,808.56,Layer1,23.90862814968557
A22-313CD34NEUN.svs,Neuron,Layer1,12637.5,826.82,Layer1,34.392377062366805
A22-313CD34NEUN.svs,Neuron,Layer1,13004.6,842.77,Layer1,22.378596917590684
A22-313CD34NEUN.svs,Neuron,Layer1,12644.7,846.57,Layer1,40.597104576558195
A22-313CD34NEUN.svs,Neuron,Layer1,13106.3,799.16,Layer1,46.95338219979552
A22-313CD34NEUN.svs,Neuron,Layer1,13226.5,825.89,Layer1,15.881171241441942
A22-313CD34NEUN.svs,Neuron,Layer1,13203.7,829.73,Layer1,20.945882650295733
A22-313CD34NEUN.svs,Neuron,Layer1,13229.3,831.82,Layer1,12.058279313400915
A22-313CD34NEUN.svs,Neuron,Layer1,13314.4,843.85,Layer1,27.615084645894903
A22-313CD34NEUN.svs,Neuron,Layer1,13345.1,845.35,Layer1,57.992265863647354
A22-313CD34NEUN.svs,Neuron,Layer1,13220.8,851.81,Layer1,10.896531558252853
A22-313CD34NEUN.svs,Neuron,Layer1,13037.4,863.57,Layer1,16.721770241215005
A22-313CD34NEUN.svs,Neuron,Layer1,13548.2,895.06,Layer1,87.20200743102201
A22-313CD34NEUN.svs,Neuron,Layer1,13522.8,899.8,Layer1,92.53573850140361
A22-313CD34NEUN.svs,Neuron,Layer1,13533.4,905.07,Layer1,82.87303542166221
A22-313CD34NEUN.svs,Neuron,Layer1,13525.1,906.28,Layer1,85.79384651593635
A22-313CD34NEUN.svs,Neuron,Layer1,13674.9,927.32,Layer1,11.720447943658167
A22-313CD34NEUN.svs,Neuron,Layer1,13654.7,933.99,Layer1,29.363923443571863
A22-313CD34NEUN.svs,Neuron,Layer1,13670.9,985.59,Layer1,12.416456821493144
A22-313CD34NEUN.svs,Neuron,Layer1,13838.5,989.23,Layer1,119.99033669425272
A22-313CD34NEUN.svs,Neuron,Layer1,13677.3,992.09,Layer1,13.605811258429398
A22-313CD34NEUN.svs,Neuron,Layer1,13583.6,1001.3,Layer1,25.795404629506894
A22-313CD34NEUN.svs,Neuron,Layer1,13577.0,1000.1,Layer1,21.78923816933461
A22-313CD34NEUN.svs,Neuron,Layer1,13924.2,1014.3,Layer1,58.402140371736465
A22-313CD34NEUN.svs,Neuron,Layer1,13677.6,1022.3,Layer1,10.748953437428256
A22-313CD34NEUN.svs,Neuron,Layer1,13827.8,1028.1,Layer1,106.67131760693826
A22-313CD34NEUN.svs,Neuron,Layer1,13753.7,1039.4,Layer1,69.24102829970141
A22-313CD34NEUN.svs,Neuron,Layer1,13839.6,1067.2,Layer1,85.27754686903266
A22-313CD34NEUN.svs,Neuron,Layer1,14062.4,1037.8,Layer1,142.0538630238534
A22-313CD34NEUN.svs,Neuron,Layer1,14047.8,1049.1,Layer1,125.3418126564302
A22-313CD34NEUN.svs,Neuron,Layer1,14142.7,1086.5,Layer1,182.31459074906766
A22-313CD34NEUN.svs,Neuron,Layer1,14218.7,1128.5,Layer1,105.87261213363925
A22-313CD34NEUN.svs,Neuron,Layer1,14191.1,1135.8,Layer1,113.54655432905076
A22-313CD34NEUN.svs,Neuron,Layer1,14221.5,1144.4,Layer1,90.22161603518336
A22-313CD34NEUN.svs,Neuron,Layer1,14284.9,1164.4,Layer1,61.106137171318736
A22-313CD34NEUN.svs,Neuron,Layer1,14316.4,1185.9,Layer1,32.62912809132352
A22-313CD34NEUN.svs,Neuron,Layer1,14348.8,1196.1,Layer1,41.75380222207262
A22-313CD34NEUN.svs,Neuron,Layer1,14292.3,1199.9,Layer1,28.13698633471664
A22-313CD34NEUN.svs,Neuron,Layer1,14283.3,1210.8,Layer1,27.597463651573797
A22-313CD34NEUN.svs,Neuron,Layer1,14348.5,1210.8,Layer1,35.81563904218382
A22-313CD34NEUN.svs,Neuron,Layer1,14364.4,1212.1,Layer1,51.28840024800896
A22-313CD34NEUN.svs,Neuron,Layer1,14374.3,1210.5,Layer1,61.311091981793254
A22-313CD34NEUN.svs,Neuron,Layer1,14367.1,1224.7,Layer1,53.96897256757848
A22-313CD34NEUN.svs,Neuron,Layer1,14385.8,1222.4,Layer1,72.41056552741385
A22-313CD34NEUN.svs,Neuron,Layer1,14390.2,1225.0,Layer1,76.98343977765678
A22-313CD34NEUN.svs,Neuron,Layer1,14396.8,1229.0,Layer1,83.97172143049038
A22-313CD34NEUN.svs,Neuron,Layer1,14413.8,1239.9,Layer1,102.57845777744885
A22-313CD34NEUN.svs,Neuron,Layer1,14431.5,1243.2,Layer1,100.84785570352992
A22-313CD34NEUN.svs,Neuron,Layer1,14421.4,1247.2,Layer1,95.90099061010783
A22-313CD34NEUN.svs,Neuron,Layer1,14184.1,1255.6,Layer1,81.6902686982975
A22-313CD34NEUN.svs,Neuron,Layer1,14415.3,1260.5,Layer1,82.51751329263384
A22-313CD34NEUN.svs,Neuron,Layer1,14421.3,1263.3,Layer1,79.81591320031364
A22-313CD34NEUN.svs,Neuron,Layer1,14416.4,1270.9,Layer1,72.1024964893726
A22-313CD34NEUN.svs,Neuron,Layer1,14452.2,1293.4,Layer1,60.82104898799462
A22-313CD34NEUN.svs,Neuron,Layer1,14502.3,1295.1,Layer1,76.35247212762684
A22-313CD34NEUN.svs,Neuron,Layer1,14520.4,1309.2,Layer1,62.541186429424265
A22-313CD34NEUN.svs,Neuron,Layer1,14364.7,1339.3,Layer1,46.81677049946808
A22-313CD34NEUN.svs,Neuron,Layer1,14492.4,1357.8,Layer1,22.482882377489496
A22-313CD34NEUN.svs,Neuron,Layer1,14594.2,1359.8,Layer1,60.57986464164556
A22-313CD34NEUN.svs,Neuron,Layer1,14548.0,1388.0,Layer1,28.90121104728968
A22-313CD34NEUN.svs,Neuron,Layer1,14624.6,1392.6,Layer1,63.88113962665458
A22-313CD34NEUN.svs,Neuron,Layer1,14411.4,1432.2,Layer1,42.50223523533793
A22-313CD34NEUN.svs,Neuron,Layer1,14458.9,1453.3,Layer1,32.94753405036555
A22-313CD34NEUN.svs,Neuron,Layer1,14440.8,1461.8,Layer1,42.41697773297862
A22-313CD34NEUN.svs,Neuron,Layer1,14627.9,1464.4,Layer1,80.92274093232335
A22-313CD34NEUN.svs,Neuron,Layer1,14778.9,1592.4,Layer1,66.77012805139668
A22-313CD34NEUN.svs,Neuron,Layer1,14856.5,1723.7,Layer1,98.14377208972546
A22-313CD34NEUN.svs,Neuron,Layer1,14646.7,1756.1,Layer1,52.62736930533392
A22-313CD34NEUN.svs,Neuron,Layer1,14793.1,1800.8,Layer1,41.920042938909326
A22-313CD34NEUN.svs,Neuron,Layer1,14888.5,1820.8,Layer1,23.213142829009946
A22-313CD34NEUN.svs,Neuron,Layer1,14855.2,1827.5,Layer1,13.315029102483114
A22-313CD34NEUN.svs,Neuron,Layer1,14837.7,1890.3,Layer1,55.96043245008059
A22-313CD34NEUN.svs,Neuron,Layer1,14937.2,1936.6,Layer1,11.01135777277262
A22-313CD34NEUN.svs,Neuron,Layer1,14969.3,1965.9,Layer1,51.51902561190393
A22-313CD34NEUN.svs,Neuron,Layer1,14971.3,2014.1,Layer1,95.31636795430195
A22-313CD34NEUN.svs,Neuron,Layer1,14947.9,2042.3,Layer1,68.92699035936407
A22-313CD34NEUN.svs,Neuron,Layer1,14887.0,2059.2,Layer1,12.865846260545895
A22-313CD34NEUN.svs,Neuron,Layer1,14982.6,2063.3,Layer1,97.28977335773749
A22-313CD34NEUN.svs,Neuron,Layer1,14960.5,2073.9,Layer1,74.82412712487792
A22-313CD34NEUN.svs,Neuron,Layer1,14936.9,2079.2,Layer1,51.70377162257977
A22-313CD34NEUN.svs,Neuron,Layer1,14979.6,2097.8,Layer1,97.3799260628182
A22-313CD34NEUN.svs,Neuron,Layer1,14945.2,2140.4,Layer1,70.7980225712569
A22-313CD34NEUN.svs,Neuron,Layer1,14981.8,2148.9,Layer1,108.36166296250718
A22-313CD34NEUN.svs,Neuron,Layer1,14988.4,2155.9,Layer1,113.68632283612565
A22-313CD34NEUN.svs,Neuron,Layer1,14990.8,2181.4,Layer1,100.90713552568879
A22-313CD34NEUN.svs,Neuron,Layer1,15000.6,2291.7,Layer1,56.21049724028382
A22-313CD34NEUN.svs,Neuron,Layer1,15002.9,2300.5,Layer1,60.02774358577763
A22-313CD34NEUN.svs,Neuron,Layer1,14945.5,2344.0,Layer1,23.40939982143925
A22-313CD34NEUN.svs,Neuron,Layer1,14940.9,2346.7,Layer1,24.93290997858029
A22-313CD34NEUN.svs,Neuron,Layer1,14936.2,2348.7,Layer1,26.731629205867502
A22-313CD34NEUN.svs,Neuron,Layer1,15002.5,2372.7,Layer1,82.43476208493588
A22-313CD34NEUN.svs,Neuron,Layer1,14818.4,2419.4,Layer1,42.4227533288445
A22-313CD34NEUN.svs,Neuron,Layer1,14941.2,2431.3,Layer1,53.14329684917973
A22-313CD34NEUN.svs,Neuron,Layer1,14879.7,2506.5,Layer1,31.771842880136486
A22-313CD34NEUN.svs,Neuron,Layer1,14736.8,3157.1,Layer1,76.5284914263963
A22-313CD34NEUN.svs,Neuron,Layer1,14668.2,3422.7,Layer1,82.10919558734004
A22-313CD34NEUN.svs,Neuron,Layer1,14464.2,3827.1,Layer1,56.712785154672005
A22-313CD34NEUN.svs,Neuron,Layer1,14363.1,4256.6,Layer1,63.56390485173223
A22-313CD34NEUN.svs,Neuron,Layer1,14105.8,4424.6,Layer1,23.89497855198862
A22-313CD34NEUN.svs,Neuron,Layer1,14121.1,4431.4,Layer1,9.234717104492109
A22-313CD34NEUN.svs,Neuron,Layer1,11964.6,5396.7,Layer1,22.30089684295249
A22-313CD34NEUN.svs,Neuron,Layer1,11927.2,5401.0,Layer1,24.490202122481225
A22-313CD34NEUN.svs,Neuron,Layer1,11968.1,5435.7,Layer1,17.104970037974322
A22-313CD34NEUN.svs,Neuron,Layer1,11862.2,5490.4,Layer1,27.04163456597992
A22-313CD34NEUN.svs,Neuron,Layer1,12925.3,5039.1,Layer1,38.594559202042824
A22-313CD34NEUN.svs,Neuron,Layer1,12752.2,5082.2,Layer1,27.552495349786422
A22-313CD34NEUN.svs,Neuron,Layer1,12965.6,5098.4,Layer1,1.2041594578803625
A22-313CD34NEUN.svs,Neuron,Layer1,12720.9,5103.8,Layer1,30.182279569310488
A22-313CD34NEUN.svs,Neuron,Layer1,12706.0,5140.0,Layer1,53.83623315203257
A22-313CD34NEUN.svs,Neuron,Layer1,12554.8,5155.5,Layer1,55.68357028783238
A22-313CD34NEUN.svs,Neuron,Layer1,12548.1,5165.0,Layer1,49.301622691347475
A22-313CD34NEUN.svs,Neuron,Layer1,12824.2,5187.3,Layer1,56.248111079395066
A22-313CD34NEUN.svs,Neuron,Layer1,12791.4,5204.2,Layer1,46.9265383338673
A22-313CD34NEUN.svs,Neuron,Layer1,12851.5,5207.8,Layer1,44.10725563895392
A22-313CD34NEUN.svs,Neuron,Layer1,12776.3,5211.0,Layer1,30.398190735632944
A22-313CD34NEUN.svs,Neuron,Layer1,13794.9,4631.5,Layer1,55.72288578313321
A22-313CD34NEUN.svs,Neuron,Layer1,13749.3,4725.5,Layer1,9.042676594902346
A22-313CD34NEUN.svs,Neuron,Layer1,13736.2,4760.2,Layer1,33.36540124140507
A22-313CD34NEUN.svs,Neuron,Layer1,13800.5,4831.3,Layer1,120.28985825912343
A22-313CD34NEUN.svs,Neuron,Layer1,13440.8,4840.6,Layer1,32.16224494652202
A22-313CD34NEUN.svs,Neuron,Layer1,13112.5,5050.0,Layer1,35.48027621087445
A22-313CD34NEUN.svs,Neuron,Layer1,13259.9,5053.7,Layer1,30.907927785601824
A22-313CD34NEUN.svs,Neuron,Layer1,13264.7,5060.6,Layer1,32.69892964609076
A22-313CD34NEUN.svs,Neuron,Layer1,13166.2,5088.6,Layer1,17.31040149736617
A22-313CD34NEUN.svs,Neuron,Layer1,14058.3,4631.9,Layer1,64.21105823765849
A22-313CD34NEUN.svs,Neuron,Layer1,11845.2,5521.1,Layer1,9.541488353501647
A22-313CD34NEUN.svs,Neuron,Layer1,11950.2,5547.7,Layer1,75.11963791179997
A22-313CD34NEUN.svs,Neuron,Layer1,11775.0,5602.6,Layer1,89.20728669789328
A22-313CD34NEUN.svs,Neuron,Layer1,12011.9,5644.8,Layer1,70.35822624256461
A22-313CD34NEUN.svs,Neuron,Layer1,11998.1,5657.6,Layer1,62.566444680835296
A22-313CD34NEUN.svs,Neuron,Layer1,11996.9,5669.5,Layer1,68.41118329629977
A22-313CD34NEUN.svs,Neuron,Layer1,11739.3,5700.5,Layer1,61.37752031485156
A22-313CD34NEUN.svs,Neuron,Layer1,11714.0,5720.7,Layer1,54.708317466360185
A22-313CD34NEUN.svs,Neuron,Layer1,11816.5,5730.6,Layer1,24.500816312931295
A22-313CD34NEUN.svs,Neuron,Layer1,11628.5,5839.3,Layer1,47.90260953225847
A22-313CD34NEUN.svs,Neuron,Layer1,11613.9,5864.9,Layer1,44.50820149141066
A22-313CD34NEUN.svs,Neuron,Layer1,11643.7,5872.0,Layer1,50.464343847909205
A22-313CD34NEUN.svs,Neuron,Layer1,11782.3,5881.5,Layer1,43.703089135666026
A22-313CD34NEUN.svs,Neuron,Layer1,11588.5,5892.2,Layer1,27.09630971184112
A22-313CD34NEUN.svs,Neuron,Layer1,11595.8,5944.4,Layer1,37.808464660708154
A22-313CD34NEUN.svs,Neuron,Layer1,11603.6,5947.8,Layer1,39.06353798620944
A22-313CD34NEUN.svs,Neuron,Layer1,11558.1,5974.0,Layer1,68.56063010212173
A22-313CD34NEUN.svs,Neuron,Layer1,11574.3,5988.5,Layer1,47.23822604628618
A22-313CD34NEUN.svs,Neuron,Layer1,11583.7,6029.0,Layer1,17.473408368145822
A22-313CD34NEUN.svs,Neuron,Layer1,11484.7,6088.0,Layer1,84.92125764494975
A22-313CD34NEUN.svs,Neuron,Layer1,11541.1,6126.4,Layer1,42.137987612130075
A22-313CD34NEUN.svs,Neuron,Layer1,11716.9,6175.1,Layer1,52.765519044164094
A22-313CD34NEUN.svs,Neuron,Layer1,11475.4,6214.3,Layer1,20.916022566444386
A22-313CD34NEUN.svs,Neuron,Layer1,11631.5,6250.0,Layer1,55.26843583818895
A22-313CD34NEUN.svs,Neuron,Layer1,11614.0,6255.1,Layer1,41.05569388038617
A22-313CD34NEUN.svs,Neuron,Layer1,11624.2,6255.4,Layer1,47.11454127973744
A22-313CD34NEUN.svs,Neuron,Layer1,11653.1,6286.7,Layer1,43.999659089588256
A22-313CD34NEUN.svs,Neuron,Layer1,11428.9,6291.3,Layer1,44.09410391424302
A22-313CD34NEUN.svs,Neuron,Layer1,11475.2,6359.8,Layer1,24.15056935146664
A22-313CD34NEUN.svs,Neuron,Layer1,11521.2,6475.7,Layer1,19.29248558377156
A22-313CD34NEUN.svs,Neuron,Layer1,12063.2,5581.9,Layer1,67.45702335561504
A22-313CD34NEUN.svs,Neuron,Layer1,10977.1,7055.8,Layer1,60.19734213401719
A22-313CD34NEUN.svs,Neuron,Layer1,10950.1,7089.7,Layer1,57.857151675483934
A22-313CD34NEUN.svs,Neuron,Layer1,10959.1,7230.3,Layer1,11.655899793666814
A22-313CD34NEUN.svs,Neuron,Layer1,10916.3,7376.7,Layer1,16.18177987738125
A22-313CD34NEUN.svs,Neuron,Layer1,11532.1,6497.3,Layer1,32.83062594590629
A22-313CD34NEUN.svs,Neuron,Layer1,11529.8,6520.1,Layer1,46.49989247299354
A22-313CD34NEUN.svs,Neuron,Layer1,11454.0,6576.5,Layer1,37.53531670307378
A22-313CD34NEUN.svs,Neuron,Layer1,11287.6,6584.1,Layer1,44.14260980050952
A22-313CD34NEUN.svs,Neuron,Layer1,11496.7,6585.3,Layer1,65.10491532903015
A22-313CD34NEUN.svs,Neuron,Layer1,11396.3,6585.2,Layer1,29.83035366870399
A22-313CD34NEUN.svs,Neuron,Layer1,11497.0,6599.0,Layer1,61.61858485879156
A22-313CD34NEUN.svs,Neuron,Layer1,11271.5,6607.1,Layer1,59.609143593915185
A22-313CD34NEUN.svs,Neuron,Layer1,11395.9,6764.4,Layer1,48.336528630012175
A22-313CD34NEUN.svs,Neuron,Layer1,11297.6,6899.2,Layer1,34.969272225769494
A22-313CD34NEUN.svs,Neuron,Layer1,11091.3,6987.1,Layer1,28.08789774974195
A22-313CD34NEUN.svs,Neuron,Layer1,11082.4,6990.2,Layer1,18.75553251709998
A22-313CD34NEUN.svs,Neuron,Layer1,11240.6,7032.6,Layer1,37.34501305395327
A22-313CD34NEUN.svs,Neuron,Layer1,11182.1,7120.3,Layer1,27.193565415369793
A22-313CD34NEUN.svs,Neuron,Layer1,11080.6,7191.3,Layer1,39.26627051299848
A22-313CD34NEUN.svs,Neuron,Layer1,11100.2,7290.3,Layer1,82.10852574489384
A22-313CD34NEUN.svs,Neuron,Layer1,11050.9,7373.4,Layer1,95.4803644735398
A22-313CD34NEUN.svs,Neuron,Layer1,10879.6,7421.7,Layer1,20.52364490045502
A22-313CD34NEUN.svs,Neuron,Layer1,10759.4,7480.9,Layer1,86.56656398402279
A22-313CD34NEUN.svs,Neuron,Layer1,10961.4,7485.5,Layer1,30.802597293085352
A22-313CD34NEUN.svs,Neuron,Layer1,10925.7,7493.9,Layer1,60.99319634188584
A22-313CD34NEUN.svs,Neuron,Layer1,10945.3,7505.0,Layer1,40.50604893099301
A22-313CD34NEUN.svs,Neuron,Layer1,10948.8,7525.5,Layer1,42.643170613827394
A22-313CD34NEUN.svs,Neuron,Layer1,10956.5,7524.5,Layer1,35.588340787397634
A22-313CD34NEUN.svs,Neuron,Layer1,10862.1,7525.6,Layer1,28.971192588501072
A22-313CD34NEUN.svs,Neuron,Layer1,10771.0,7538.1,Layer1,64.4375666827969
A22-313CD34NEUN.svs,Neuron,Layer1,10908.6,7537.0,Layer1,35.65305036038283
A22-313CD34NEUN.svs,Neuron,Layer1,10946.2,7537.0,Layer1,51.3561096657435
A22-313CD34NEUN.svs,Neuron,Layer1,10915.7,7564.4,Layer1,40.055586376934045
A22-313CD34NEUN.svs,Neuron,Layer1,10763.8,7583.4,Layer1,36.50876607063028
A22-313CD34NEUN.svs,Neuron,Layer1,10903.0,7589.5,Layer1,15.508062419270994
A22-313CD34NEUN.svs,Neuron,Layer1,10657.2,7609.5,Layer1,62.791719199269835
A22-313CD34NEUN.svs,Neuron,Layer1,10631.2,7659.5,Layer1,36.68787265568685
A22-313CD34NEUN.svs,Neuron,Layer1,10868.7,7659.3,Layer1,9.501578816175238
A22-313CD34NEUN.svs,Neuron,Layer1,10877.6,7667.9,Layer1,4.119465984809523
A22-313CD34NEUN.svs,Neuron,Layer1,10851.1,7690.1,Layer1,31.820119421523234
A22-313CD34NEUN.svs,Neuron,Layer1,10658.2,7718.6,Layer1,26.477537649864292
A22-313CD34NEUN.svs,Neuron,Layer1,10638.8,7727.4,Layer1,29.708248012968458
A22-313CD34NEUN.svs,Neuron,Layer1,10656.9,7732.7,Layer1,13.619104228987277
A22-313CD34NEUN.svs,Neuron,Layer1,10802.0,7738.6,Layer1,79.75988966893053
A22-313CD34NEUN.svs,Neuron,Layer1,10741.0,7761.1,Layer1,16.090059042775525
A22-313CD34NEUN.svs,Neuron,Layer1,10808.1,7764.1,Layer1,83.23280603223748
A22-313CD34NEUN.svs,Neuron,Layer1,10736.9,7768.8,Layer1,15.164761785138651
A22-313CD34NEUN.svs,Neuron,Layer1,10483.3,7921.2,Layer1,16.902662512160276
A22-313CD34NEUN.svs,Neuron,Layer1,10399.7,8087.7,Layer1,92.39572500933097
A22-313CD34NEUN.svs,Neuron,Layer1,10450.8,8134.0,Layer1,62.942036827545046
A22-313CD34NEUN.svs,Neuron,Layer1,10373.5,8202.0,Layer1,162.4673813416092
A22-313CD34NEUN.svs,Neuron,Layer1,10413.4,8245.8,Layer1,162.90027624285898
A22-313CD34NEUN.svs,Neuron,Layer1,10390.9,8272.8,Layer1,168.22190701570327
A22-313CD34NEUN.svs,Neuron,Layer1,10379.5,8300.4,Layer1,141.16235333827476
A22-313CD34NEUN.svs,Neuron,Layer1,10386.9,8307.4,Layer1,142.67575126839128
A22-313CD34NEUN.svs,Neuron,Layer1,10374.6,8326.3,Layer1,121.87948966089444
A22-313CD34NEUN.svs,Neuron,Layer1,10351.6,8332.4,Layer1,99.42444367458143
A22-313CD34NEUN.svs,Neuron,Layer1,10380.0,8339.4,Layer1,120.27410361337125
A22-313CD34NEUN.svs,Neuron,Layer1,10369.8,8346.8,Layer1,107.90338270879118
A22-313CD34NEUN.svs,Neuron,Layer1,10352.8,8350.5,Layer1,90.9633442656976
A22-313CD34NEUN.svs,Neuron,Layer1,10352.7,8357.5,Layer1,87.95385153590529
A22-313CD34NEUN.svs,Neuron,Layer1,10355.2,8362.5,Layer1,88.51626969094484
A22-313CD34NEUN.svs,Neuron,Layer1,10224.5,8380.3,Layer1,48.27007354458868
A22-313CD34NEUN.svs,Neuron,Layer1,10263.6,8391.5,Layer1,7.902531240051794
A22-313CD34NEUN.svs,Neuron,Layer1,10325.9,8416.5,Layer1,59.9533151710562
A22-313CD34NEUN.svs,Neuron,Layer1,10003.6,8578.2,Layer1,66.33400334669918
A22-313CD34NEUN.svs,Neuron,Layer1,10021.8,8599.8,Layer1,49.39635614091394
A22-313CD34NEUN.svs,Neuron,Layer1,9984.3,8623.4,Layer1,68.05409612947648
A22-313CD34NEUN.svs,Neuron,Layer1,9945.5,8670.7,Layer1,72.37706819152116
A22-313CD34NEUN.svs,Neuron,Layer1,9927.5,8701.0,Layer1,57.29720761084216
A22-313CD34NEUN.svs,Neuron,Layer1,9795.7,8868.4,Layer1,33.04799540062857
A22-313CD34NEUN.svs,Neuron,Layer1,9821.9,8882.0,Layer1,17.479416466231502
A22-313CD34NEUN.svs,Neuron,Layer1,9820.0,8893.9,Layer1,7.947955712004975
A22-313CD34NEUN.svs,Neuron,Layer1,10015.6,8912.1,Layer1,133.89641518726413
A22-313CD34NEUN.svs,Neuron,Layer1,9909.6,9072.4,Layer1,69.65809357138623
A22-313CD34NEUN.svs,Neuron,Layer1,9893.8,9087.2,Layer1,72.58326253345237
A22-313CD34NEUN.svs,Neuron,Layer1,9659.7,9089.1,Layer1,24.22436789680956
A22-313CD34NEUN.svs,Neuron,Layer1,9855.7,9105.7,Layer1,74.45078911603423
A22-313CD34NEUN.svs,Neuron,Layer1,9653.2,9162.1,Layer1,71.43087567711896
A22-313CD34NEUN.svs,Neuron,Layer1,9516.2,9269.1,Layer1,18.648860555004756
A22-313CD34NEUN.svs,Neuron,Layer1,9654.1,9279.3,Layer1,8.544003745318127
A22-313CD34NEUN.svs,Neuron,Layer1,9710.5,9309.4,Layer1,58.271862849920836
A22-313CD34NEUN.svs,Neuron,Layer1,10347.1,8388.4,Layer1,75.6556012467025
A22-313CD34NEUN.svs,Neuron,Layer1,10291.9,8392.7,Layer1,20.447982785594995
A22-313CD34NEUN.svs,Neuron,Layer1,10339.5,8397.9,Layer1,68.31954332400068
A22-313CD34NEUN.svs,Neuron,Layer1,10333.3,8399.1,Layer1,62.290288167578154
A22-313CD34NEUN.svs,Neuron,Layer1,10312.4,8403.6,Layer1,42.709483724343904
A22-313CD34NEUN.svs,Neuron,Layer1,10336.8,8406.6,Layer1,67.06847247403164
A22-313CD34NEUN.svs,Neuron,Layer1,10283.4,8419.5,Layer1,30.608005488761147
A22-313CD34NEUN.svs,Neuron,Layer1,10322.7,8434.1,Layer1,66.73290043149757
A22-313CD34NEUN.svs,Neuron,Layer1,10322.2,8443.6,Layer1,72.84078527857994
A22-313CD34NEUN.svs,Neuron,Layer1,10311.2,8459.8,Layer1,79.1728488814193
A22-313CD34NEUN.svs,Neuron,Layer1,10079.9,8470.0,Layer1,69.78287755603114
A22-313CD34NEUN.svs,Neuron,Layer1,10305.8,8475.2,Layer1,90.64049867471049
A22-313CD34NEUN.svs,Neuron,Layer1,10082.9,8488.8,Layer1,52.58374273480446
A22-313CD34NEUN.svs,Neuron,Layer1,10300.9,8491.2,Layer1,104.13630490852012
A22-313CD34NEUN.svs,Neuron,Layer1,10063.9,8494.6,Layer1,62.684368067326496
A22-313CD34NEUN.svs,Neuron,Layer1,10297.7,8496.3,Layer1,108.21940676237344
A22-313CD34NEUN.svs,Neuron,Layer1,10296.2,8504.6,Layer1,111.911572234511
A22-313CD34NEUN.svs,Neuron,Layer1,10290.4,8507.3,Layer1,108.27931473739494
A22-313CD34NEUN.svs,Neuron,Layer1,10272.4,8521.4,Layer1,102.40825162065713
A22-313CD34NEUN.svs,Neuron,Layer1,10146.0,8530.3,Layer1,23.660304309116206
A22-313CD34NEUN.svs,Neuron,Layer1,10271.8,8536.2,Layer1,110.14122752175896
A22-313CD34NEUN.svs,Neuron,Layer1,10216.3,8551.9,Layer1,88.31834464028282
A22-313CD34NEUN.svs,Neuron,Layer1,10262.4,8555.3,Layer1,116.0772156799072
A22-313CD34NEUN.svs,Neuron,Layer1,10256.9,8558.8,Layer1,115.122630268769
A22-313CD34NEUN.svs,Neuron,Layer1,10242.8,8561.0,Layer1,108.59617856996526
A22-313CD34NEUN.svs,Neuron,Layer1,10253.7,8565.3,Layer1,118.31081945451913
A22-313CD34NEUN.svs,Neuron,Layer1,10242.9,8577.5,Layer1,122.84156462696086
A22-313CD34NEUN.svs,Neuron,Layer1,10220.6,8629.4,Layer1,92.1829159877258
A22-313CD34NEUN.svs,Neuron,Layer1,10215.0,8643.0,Layer1,80.7896651806407
A22-313CD34NEUN.svs,Neuron,Layer1,10205.3,8653.9,Layer1,67.6151610217705
A22-313CD34NEUN.svs,Neuron,Layer1,10198.8,8664.1,Layer1,58.4337231399809
A22-313CD34NEUN.svs,Neuron,Layer1,10033.3,8701.2,Layer1,18.270194306573035
A22-313CD34NEUN.svs,Neuron,Layer1,10124.6,8718.2,Layer1,44.31624984133996
A22-313CD34NEUN.svs,Neuron,Layer1,10132.5,8756.4,Layer1,79.5572749659011
A22-313CD34NEUN.svs,Neuron,Layer1,10025.6,8923.6,Layer1,147.8076114413609
A22-313CD34NEUN.svs,Neuron,Layer1,11838.3,9056.9,Layer1,32.608741159388934
A22-313CD34NEUN.svs,Neuron,Layer1,11851.0,9085.1,Layer1,44.11915683691156
A22-313CD34NEUN.svs,Neuron,Layer1,11505.7,9272.5,Layer1,84.54797454699914
A22-313CD34NEUN.svs,Neuron,Layer1,11560.1,9312.7,Layer1,33.85144014661761
A22-313CD34NEUN.svs,Neuron,Layer1,12341.8,8654.3,Layer1,88.70811687777034
A22-313CD34NEUN.svs,Neuron,Layer1,12374.1,8656.4,Layer1,98.6633163845619
A22-313CD34NEUN.svs,Neuron,Layer1,12365.9,8660.2,Layer1,91.33767021333482
A22-313CD34NEUN.svs,Neuron,Layer1,12384.4,8680.5,Layer1,85.9137358051668
A22-313CD34NEUN.svs,Neuron,Layer1,12385.0,8693.2,Layer1,77.95293451820763
A22-313CD34NEUN.svs,Neuron,Layer1,12415.2,8722.1,Layer1,79.25881654428117
A22-313CD34NEUN.svs,Neuron,Layer1,12391.7,8731.3,Layer1,56.374639688428346
A22-313CD34NEUN.svs,Neuron,Layer1,12420.1,8736.5,Layer1,65.58086611200002
A22-313CD34NEUN.svs,Neuron,Layer1,12417.2,8750.9,Layer1,50.89793708982809
A22-313CD34NEUN.svs,Neuron,Layer1,12138.2,8780.4,Layer1,51.20039062350881
A22-313CD34NEUN.svs,Neuron,Layer1,12033.1,8824.6,Layer1,117.20755095129289
A22-313CD34NEUN.svs,Neuron,Layer1,12085.7,8893.8,Layer1,90.23663335918579
A22-313CD34NEUN.svs,Neuron,Layer1,12123.0,8916.0,Layer1,65.38317826474974
A22-313CD34NEUN.svs,Neuron,Layer1,12466.0,8966.7,Layer1,8.5428332536696
A22-313CD34NEUN.svs,Neuron,Layer1,12465.9,8977.5,Layer1,10.400480758119343
A22-313CD34NEUN.svs,Neuron,Layer1,12458.8,8982.3,Layer1,11.91049956970703
A22-313CD34NEUN.svs,Neuron,Layer1,12032.0,8989.3,Layer1,55.90572421496666
A22-313CD34NEUN.svs,Neuron,Layer1,12462.0,8990.9,Layer1,20.83122656014296
A22-313CD34NEUN.svs,Neuron,Layer1,12115.5,8999.1,Layer1,43.68352092036538
A22-313CD34NEUN.svs,Neuron,Layer1,12462.0,9007.7,Layer1,37.483062841770106
A22-313CD34NEUN.svs,Neuron,Layer1,12449.2,9011.6,Layer1,42.19300889957996
A22-313CD34NEUN.svs,Neuron,Layer1,12369.6,9029.8,Layer1,41.46540726919096
A22-313CD34NEUN.svs,Neuron,Layer1,12435.6,9045.8,Layer1,49.773286007656594
A22-313CD34NEUN.svs,Neuron,Layer1,12381.3,9081.3,Layer1,21.580083410403194
A22-313CD34NEUN.svs,Neuron,Layer1,12058.3,9088.9,Layer1,39.56425154100704
A22-313CD34NEUN.svs,Neuron,Layer1,12384.5,9091.5,Layer1,24.249123695506725
A22-313CD34NEUN.svs,Neuron,Layer1,12370.1,9102.8,Layer1,18.09447429465661
A22-313CD34NEUN.svs,Neuron,Layer1,12072.4,9334.8,Layer1,30.711724145674445
A22-313CD34NEUN.svs,Neuron,Layer1,8910.3,9821.1,Layer1,31.416715296160184
A22-313CD34NEUN.svs,Neuron,Layer1,8856.6,9891.8,Layer1,17.906702655708447
A22-313CD34NEUN.svs,Neuron,Layer1,8951.5,9900.0,Layer1,15.17267280343204
A22-313CD34NEUN.svs,Neuron,Layer1,8959.2,10041.6,Layer1,46.16373035186847
A22-313CD34NEUN.svs,Neuron,Layer1,8944.8,10059.9,Layer1,63.432641439560996
A22-313CD34NEUN.svs,Neuron,Layer1,8935.8,10065.3,Layer1,63.56138765004992
A22-313CD34NEUN.svs,Neuron,Layer1,8932.6,10073.0,Layer1,59.30278239678169
A22-313CD34NEUN.svs,Neuron,Layer1,8925.6,10073.7,Layer1,52.269015678507174
A22-313CD34NEUN.svs,Neuron,Layer1,8642.1,10097.2,Layer1,36.86651597316893
A22-313CD34NEUN.svs,Neuron,Layer1,8894.4,10096.5,Layer1,27.978027092702558
A22-313CD34NEUN.svs,Neuron,Layer1,8900.9,10097.3,Layer1,33.57260788202141
A22-313CD34NEUN.svs,Neuron,Layer1,8907.4,10097.3,Layer1,39.05854579986256
A22-313CD34NEUN.svs,Neuron,Layer1,8574.0,10144.4,Layer1,38.386065179957605
A22-313CD34NEUN.svs,Neuron,Layer1,8652.3,10163.8,Layer1,27.18124353299671
A22-313CD34NEUN.svs,Neuron,Layer1,8777.9,10168.3,Layer1,55.50585554696054
A22-313CD34NEUN.svs,Neuron,Layer1,8575.5,10180.7,Layer1,31.12715855968801
A22-313CD34NEUN.svs,Neuron,Layer1,8543.9,10189.9,Layer1,19.06882272191916
A22-313CD34NEUN.svs,Neuron,Layer1,8820.8,10192.2,Layer1,77.37299270417309
A22-313CD34NEUN.svs,Neuron,Layer1,8555.8,10194.5,Layer1,10.299999999999272
A22-313CD34NEUN.svs,Neuron,Layer1,8523.6,10215.2,Layer1,33.83784863137667
A22-313CD34NEUN.svs,Neuron,Layer1,8764.0,10222.4,Layer1,52.10470228299856
A22-313CD34NEUN.svs,Neuron,Layer1,8567.6,10245.3,Layer1,36.924382188466936
A22-313CD34NEUN.svs,Neuron,Layer1,8534.0,10272.1,Layer1,28.01446055165081
A22-313CD34NEUN.svs,Neuron,Layer1,8667.4,10278.5,Layer1,51.83676301622328
A22-313CD34NEUN.svs,Neuron,Layer1,8476.0,10281.2,Layer1,31.100482311372794
A22-313CD34NEUN.svs,Neuron,Layer1,9687.3,9335.5,Layer1,57.03192088646458
A22-313CD34NEUN.svs,Neuron,Layer1,9562.4,9392.4,Layer1,12.88914271780795
A22-313CD34NEUN.svs,Neuron,Layer1,9597.0,9420.0,Layer1,33.53759084967144
A22-313CD34NEUN.svs,Neuron,Layer1,9573.3,9444.6,Layer1,25.58612905462713
A22-313CD34NEUN.svs,Neuron,Layer1,9321.1,9463.9,Layer1,25.964976410540714
A22-313CD34NEUN.svs,Neuron,Layer1,9563.7,9478.2,Layer1,35.69103528899106
A22-313CD34NEUN.svs,Neuron,Layer1,9538.1,9482.0,Layer1,60.35105632878351
A22-313CD34NEUN.svs,Neuron,Layer1,9505.0,9505.2,Layer1,89.5370872878946
A22-313CD34NEUN.svs,Neuron,Layer1,9527.2,9519.6,Layer1,89.93119592221598
A22-313CD34NEUN.svs,Neuron,Layer1,9517.3,9519.0,Layer1,97.15189138663317
A22-313CD34NEUN.svs,Neuron,Layer1,9236.2,9527.1,Layer1,35.47463882832324
A22-313CD34NEUN.svs,Neuron,Layer1,9507.0,9531.5,Layer1,103.26010846401385
A22-313CD34NEUN.svs,Neuron,Layer1,9490.1,9532.0,Layer1,86.45281950289407
A22-313CD34NEUN.svs,Neuron,Layer1,9230.9,9540.9,Layer1,32.133782846096196
A22-313CD34NEUN.svs,Neuron,Layer1,9503.9,9542.4,Layer1,99.32899878685909
A22-313CD34NEUN.svs,Neuron,Layer1,9486.0,9543.7,Layer1,81.40743209314452
A22-313CD34NEUN.svs,Neuron,Layer1,9493.8,9547.0,Layer1,89.22712592031533
A22-313CD34NEUN.svs,Neuron,Layer1,9485.0,9552.6,Layer1,80.7774721070173
A22-313CD34NEUN.svs,Neuron,Layer1,9475.9,9552.2,Layer1,71.68298263883777
A22-313CD34NEUN.svs,Neuron,Layer1,9486.1,9561.2,Layer1,83.13368751595256
A22-313CD34NEUN.svs,Neuron,Layer1,9473.4,9561.9,Layer1,70.89322957800633
A22-313CD34NEUN.svs,Neuron,Layer1,9221.7,9564.6,Layer1,32.96073421512294
A22-313CD34NEUN.svs,Neuron,Layer1,9244.3,9565.8,Layer1,10.78563859954595
A22-313CD34NEUN.svs,Neuron,Layer1,9481.4,9568.8,Layer1,80.46266214835231
A22-313CD34NEUN.svs,Neuron,Layer1,9476.7,9576.4,Layer1,78.72083586954648
A22-313CD34NEUN.svs,Neuron,Layer1,9204.5,9581.1,Layer1,50.319976152618
A22-313CD34NEUN.svs,Neuron,Layer1,9464.2,9581.6,Layer1,70.04569936834183
A22-313CD34NEUN.svs,Neuron,Layer1,9446.4,9591.8,Layer1,62.898648634131554
A22-313CD34NEUN.svs,Neuron,Layer1,9453.3,9592.6,Layer1,68.238771970193
A22-313CD34NEUN.svs,Neuron,Layer1,9401.3,9595.4,Layer1,38.658116870844374
A22-313CD34NEUN.svs,Neuron,Layer1,9211.7,9600.2,Layer1,31.100643080167973
A22-313CD34NEUN.svs,Neuron,Layer1,9450.7,9600.9,Layer1,72.6114316068763
A22-313CD34NEUN.svs,Neuron,Layer1,9415.5,9602.4,Layer1,54.48605326136109
A22-313CD34NEUN.svs,Neuron,Layer1,9429.9,9610.0,Layer1,69.93661415882282
A22-313CD34NEUN.svs,Neuron,Layer1,9404.2,9612.9,Layer1,50.79064874560992
A22-313CD34NEUN.svs,Neuron,Layer1,9427.7,9620.5,Layer1,74.0806317467659
A22-313CD34NEUN.svs,Neuron,Layer1,9398.5,9633.5,Layer1,63.18053497715791
A22-313CD34NEUN.svs,Neuron,Layer1,9208.0,9651.7,Layer1,20.535091916034897
A22-313CD34NEUN.svs,Neuron,Layer1,9069.2,9673.1,Layer1,65.65439817712138
A22-313CD34NEUN.svs,Neuron,Layer1,9354.5,9676.0,Layer1,67.69231861888024
A22-313CD34NEUN.svs,Neuron,Layer1,9271.7,9692.6,Layer1,10.1710373118974
A22-313CD34NEUN.svs,Neuron,Layer1,9305.7,9728.8,Layer1,24.777610861420456
A22-313CD34NEUN.svs,Neuron,Layer1,9293.5,9747.3,Layer1,36.089333604265775
A22-313CD34NEUN.svs,Neuron,Layer1,9246.5,9781.1,Layer1,44.59203964835001
A22-313CD34NEUN.svs,Neuron,Layer1,9132.4,9781.7,Layer1,7.749193506422575
A22-313CD34NEUN.svs,Neuron,Layer1,9245.9,9789.4,Layer1,48.712421413844396
A22-313CD34NEUN.svs,Neuron,Layer1,9077.1,9805.4,Layer1,13.597793938724031
A22-313CD34NEUN.svs,Neuron,Layer1,9134.9,9835.4,Layer1,24.955961211701368
A22-313CD34NEUN.svs,Neuron,Layer1,9146.3,9846.9,Layer1,40.688204678996264
A22-313CD34NEUN.svs,Neuron,Layer1,9143.0,9856.7,Layer1,47.67074574621211
A22-313CD34NEUN.svs,Neuron,Layer1,8983.3,10026.2,Layer1,33.61814985986015
A22-313CD34NEUN.svs,Neuron,Layer1,10943.2,9995.1,Layer1,61.259529870869045
A22-313CD34NEUN.svs,Neuron,Layer1,10927.2,10008.6,Layer1,53.93032542086032
A22-313CD34NEUN.svs,Neuron,Layer1,10936.9,10104.1,Layer1,51.61492032348867
A22-313CD34NEUN.svs,Neuron,Layer1,10872.5,10125.3,Layer1,100.60124253705798
A22-313CD34NEUN.svs,Neuron,Layer1,10712.6,10215.1,Layer1,73.50027210833984
A22-313CD34NEUN.svs,Neuron,Layer1,10709.6,10241.5,Layer1,64.48953403460054
A22-313CD34NEUN.svs,Neuron,Layer1,11756.9,9621.3,Layer1,21.6363120702202
A22-313CD34NEUN.svs,Neuron,Layer1,11440.8,9626.0,Layer1,43.18066697030042
A22-313CD34NEUN.svs,Neuron,Layer1,11789.7,9661.0,Layer1,21.821548982600394
A22-313CD34NEUN.svs,Neuron,Layer1,11777.5,9677.7,Layer1,17.215400082483775
A22-313CD34NEUN.svs,Neuron,Layer1,11175.3,9698.1,Layer1,35.595083930228654
A22-313CD34NEUN.svs,Neuron,Layer1,11632.8,9726.2,Layer1,13.730622709842097
A22-313CD34NEUN.svs,Neuron,Layer1,11690.3,9729.3,Layer1,21.47556751287336
A22-313CD34NEUN.svs,Neuron,Layer1,11650.0,9756.4,Layer1,34.53143495425531
A22-313CD34NEUN.svs,Neuron,Layer1,11179.6,9757.1,Layer1,37.12276929325222
A22-313CD34NEUN.svs,Neuron,Layer1,11485.2,9898.6,Layer1,11.512167476196078
A22-313CD34NEUN.svs,Neuron,Layer1,11188.2,9961.8,Layer1,14.383671297689762
A22-313CD34NEUN.svs,Neuron,Layer1,11414.1,10042.6,Layer1,33.861482542854134
A22-313CD34NEUN.svs,Neuron,Layer1,11150.5,10049.4,Layer1,67.14715183833127
A22-313CD34NEUN.svs,Neuron,Layer1,11279.6,10189.2,Layer1,59.57692506331652
A22-313CD34NEUN.svs,Neuron,Layer1,11106.5,10240.1,Layer1,40.91760012512953
A22-313CD34NEUN.svs,Neuron,Layer1,11229.7,10246.9,Layer1,34.11803042380883
A22-313CD34NEUN.svs,Neuron,Layer1,11192.6,10282.1,Layer1,17.941293152948436
A22-313CD34NEUN.svs,Neuron,Layer1,8433.4,10345.5,Layer1,19.51512234140422
A22-313CD34NEUN.svs,Neuron,Layer1,8440.8,10352.3,Layer1,24.60731598529041
A22-313CD34NEUN.svs,Neuron,Layer1,8434.4,10360.8,Layer1,33.83208536286085
A22-313CD34NEUN.svs,Neuron,Layer1,8564.6,10371.6,Layer1,108.96536146867855
A22-313CD34NEUN.svs,Neuron,Layer1,8443.0,10380.3,Layer1,52.62432897434274
A22-313CD34NEUN.svs,Neuron,Layer1,8587.4,10417.6,Layer1,104.46784194190916
A22-313CD34NEUN.svs,Neuron,Layer1,8582.4,10422.5,Layer1,98.284179805296
A22-313CD34NEUN.svs,Neuron,Layer1,8595.1,10425.0,Layer1,110.00545441022408
A22-313CD34NEUN.svs,Neuron,Layer1,8575.2,10429.5,Layer1,89.60323654868708
A22-313CD34NEUN.svs,Neuron,Layer1,8542.5,10431.5,Layer1,57.46590293382586
A22-313CD34NEUN.svs,Neuron,Layer1,8556.5,10485.3,Layer1,47.31934065474756
A22-313CD34NEUN.svs,Neuron,Layer1,8250.9,10540.8,Layer1,71.67600714325583
A22-313CD34NEUN.svs,Neuron,Layer1,8458.0,10552.9,Layer1,81.81326298345485
A22-313CD34NEUN.svs,Neuron,Layer1,8455.4,10561.3,Layer1,78.29361404354815
A22-313CD34NEUN.svs,Neuron,Layer1,8250.0,10687.0,Layer1,74.50214762005149
A22-313CD34NEUN.svs,Neuron,Layer1,8043.4,11002.8,Layer1,41.10486589200866
A22-313CD34NEUN.svs,Neuron,Layer1,8599.7,11007.3,Layer1,43.468724388921466
A22-313CD34NEUN.svs,Neuron,Layer1,8028.3,11009.7,Layer1,55.96472103030717
A22-313CD34NEUN.svs,Neuron,Layer1,8583.9,11011.4,Layer1,37.78385898766878
A22-313CD34NEUN.svs,Neuron,Layer1,8863.9,11055.0,Layer1,17.75528090456584
A22-313CD34NEUN.svs,Neuron,Layer1,8783.7,11063.0,Layer1,13.534031180694356
A22-313CD34NEUN.svs,Neuron,Layer1,8564.8,11079.3,Layer1,30.67572330035755
A22-313CD34NEUN.svs,Neuron,Layer1,8243.6,11086.1,Layer1,27.018512172212592
A22-313CD34NEUN.svs,Neuron,Layer1,8827.5,11093.9,Layer1,12.593649193144124
A22-313CD34NEUN.svs,Neuron,Layer1,8672.8,11128.2,Layer1,49.27900161326269
A22-313CD34NEUN.svs,Neuron,Layer1,8215.8,11137.9,Layer1,35.67211796347499
A22-313CD34NEUN.svs,Neuron,Layer1,8806.2,11154.8,Layer1,18.729922583929348
A22-313CD34NEUN.svs,Neuron,Layer1,8381.4,11159.5,Layer1,21.071782079358602
A22-313CD34NEUN.svs,Neuron,Layer1,8693.7,11185.9,Layer1,76.64287311942218
A22-313CD34NEUN.svs,Neuron,Layer1,9947.9,10793.2,Layer1,32.96846978553928
A22-313CD34NEUN.svs,Neuron,Layer1,9990.4,10804.1,Layer1,11.00272693471905
A22-313CD34NEUN.svs,Neuron,Layer1,9758.0,10812.2,Layer1,56.37730039652322
A22-313CD34NEUN.svs,Neuron,Layer1,9674.6,10819.1,Layer1,56.20996352960931
A22-313CD34NEUN.svs,Neuron,Layer1,10024.3,10830.6,Layer1,52.830294339516364
A22-313CD34NEUN.svs,Neuron,Layer1,9726.0,10839.4,Layer1,22.995651762887505
A22-313CD34NEUN.svs,Neuron,Layer1,9771.4,10877.8,Layer1,43.26707755326112
A22-313CD34NEUN.svs,Neuron,Layer1,9675.0,10898.6,Layer1,26.938633966851704
A22-313CD34NEUN.svs,Neuron,Layer1,9953.1,10931.1,Layer1,53.856290254714736
A22-313CD34NEUN.svs,Neuron,Layer1,9446.8,10939.4,Layer1,11.098198051935006
A22-313CD34NEUN.svs,Neuron,Layer1,9459.8,10937.5,Layer1,23.257256931975807
A22-313CD34NEUN.svs,Neuron,Layer1,9712.9,10941.3,Layer1,6.389053137985269
A22-313CD34NEUN.svs,Neuron,Layer1,9605.0,10950.4,Layer1,48.70749428989325
A22-313CD34NEUN.svs,Neuron,Layer1,9148.4,10955.6,Layer1,9.211405973031559
A22-313CD34NEUN.svs,Neuron,Layer1,9171.9,10972.7,Layer1,37.131253682039855
A22-313CD34NEUN.svs,Neuron,Layer1,9264.6,10978.7,Layer1,23.06013876801359
A22-313CD34NEUN.svs,Neuron,Layer1,9215.5,10993.8,Layer1,48.59310650699388
A22-313CD34NEUN.svs,Neuron,Layer1,9421.2,10998.3,Layer1,38.60777123844288
A22-313CD34NEUN.svs,Neuron,Layer1,9178.2,11022.4,Layer1,25.366513359150932
A22-313CD34NEUN.svs,Neuron,Layer1,9631.5,11027.3,Layer1,29.578708558692355
A22-313CD34NEUN.svs,Neuron,Layer1,9912.8,11048.9,Layer1,21.57799805357245
A22-313CD34NEUN.svs,Neuron,Layer1,9686.7,11062.3,Layer1,22.4537302023528
A22-313CD34NEUN.svs,Neuron,Layer1,9654.8,11071.4,Layer1,20.416659863943526
A22-313CD34NEUN.svs,Neuron,Layer1,9946.2,11070.4,Layer1,26.029214356180148
A22-313CD34NEUN.svs,Neuron,Layer1,9868.4,11072.5,Layer1,36.478075607138074
A22-313CD34NEUN.svs,Neuron,Layer1,9941.5,11080.6,Layer1,20.819462048765402
A22-313CD34NEUN.svs,Neuron,Layer1,9534.0,11083.6,Layer1,40.42486858358305
A22-313CD34NEUN.svs,Neuron,Layer1,9844.1,11083.8,Layer1,12.606347607455891
A22-313CD34NEUN.svs,Neuron,Layer1,9463.4,11088.3,Layer1,43.82921400162154
A22-313CD34NEUN.svs,Neuron,Layer1,9950.9,11103.5,Layer1,11.78897790311034
A22-313CD34NEUN.svs,Neuron,Layer1,9582.7,11128.8,Layer1,27.731931054291767
A22-313CD34NEUN.svs,Neuron,Layer1,9569.5,11132.6,Layer1,37.9381074910186
A22-313CD34NEUN.svs,Neuron,Layer1,9387.6,11152.6,Layer1,18.82153022471871
A22-313CD34NEUN.svs,Neuron,Layer1,9450.5,11171.3,Layer1,51.60939836890079
A22-313CD34NEUN.svs,Neuron,Layer1,10609.2,10513.1,Layer1,15.200328943807977
A22-313CD34NEUN.svs,Neuron,Layer1,10613.0,10531.7,Layer1,5.0249378105619655
A22-313CD34NEUN.svs,Neuron,Layer1,10790.5,10598.0,Layer1,47.62026879386594
A22-313CD34NEUN.svs,Neuron,Layer1,10342.8,10613.6,Layer1,32.18462365789042
A22-313CD34NEUN.svs,Neuron,Layer1,10337.2,10619.8,Layer1,39.40875537237766
A22-313CD34NEUN.svs,Neuron,Layer1,10369.5,10630.8,Layer1,25.50019607767609
A22-313CD34NEUN.svs,Neuron,Layer1,10798.1,10644.4,Layer1,21.567568244936986
A22-313CD34NEUN.svs,Neuron,Layer1,10647.1,10645.2,Layer1,29.494406249321457
A22-313CD34NEUN.svs,Neuron,Layer1,10226.8,10663.6,Layer1,34.80416641725483
A22-313CD34NEUN.svs,Neuron,Layer1,10776.4,10694.0,Layer1,35.88035674293214
A22-313CD34NEUN.svs,Neuron,Layer1,10246.7,10700.3,Layer1,51.96999134115879
A22-313CD34NEUN.svs,Neuron,Layer1,10402.1,10719.6,Layer1,24.62214450449086
A22-313CD34NEUN.svs,Neuron,Layer1,10716.7,10746.0,Layer1,48.73448471052067
A22-313CD34NEUN.svs,Neuron,Layer1,10145.3,10814.2,Layer1,13.761177275217479
A22-313CD34NEUN.svs,Neuron,Layer1,10130.6,10821.0,Layer1,18.12401721473376
A22-313CD34NEUN.svs,Neuron,Layer1,10155.3,10821.5,Layer1,10.104454463254564
A22-313CD34NEUN.svs,Neuron,Layer1,10145.8,10825.4,Layer1,2.8844410203710904
A22-313CD34NEUN.svs,Neuron,Layer1,10101.3,10826.2,Layer1,46.127757370156516
A22-313CD34NEUN.svs,Neuron,Layer1,10043.8,10829.2,Layer1,69.58484030304248
A22-313CD34NEUN.svs,Neuron,Layer1,10071.3,10828.7,Layer1,76.10532175873155
A22-313CD34NEUN.svs,Neuron,Layer1,10084.6,10831.5,Layer1,62.90890239067849
A22-313CD34NEUN.svs,Neuron,Layer1,10059.0,10832.3,Layer1,84.86660120447816
A22-313CD34NEUN.svs,Neuron,Layer1,10143.0,10836.0,Layer1,9.305912099305942
A22-313CD34NEUN.svs,Neuron,Layer1,10033.6,10838.1,Layer1,64.70749570181216
A22-313CD34NEUN.svs,Neuron,Layer1,10127.8,10843.7,Layer1,25.238264599612638
A22-313CD34NEUN.svs,Neuron,Layer1,10056.8,10840.1,Layer1,85.91588910091012
A22-313CD34NEUN.svs,Neuron,Layer1,10081.1,10841.4,Layer1,67.68049940714026
A22-313CD34NEUN.svs,Neuron,Layer1,10047.3,10848.0,Layer1,79.63529368313947
A22-313CD34NEUN.svs,Neuron,Layer1,10111.4,10845.5,Layer1,40.11595692489494
A22-313CD34NEUN.svs,Neuron,Layer1,10085.5,10848.6,Layer1,65.30122510336234
A22-313CD34NEUN.svs,Neuron,Layer1,10225.6,10850.6,Layer1,34.06890077475364
A22-313CD34NEUN.svs,Neuron,Layer1,10109.2,10852.3,Layer1,45.38160420258319
A22-313CD34NEUN.svs,Neuron,Layer1,10117.5,10855.4,Layer1,40.69115382979449
A22-313CD34NEUN.svs,Neuron,Layer1,10139.4,10856.5,Layer1,29.794126938040016
A22-313CD34NEUN.svs,Neuron,Layer1,10088.3,10857.2,Layer1,66.00886304126234
A22-313CD34NEUN.svs,Neuron,Layer1,10101.2,10861.8,Layer1,57.36235699480888
A22-313CD34NEUN.svs,Neuron,Layer1,10126.6,10859.5,Layer1,37.914772846477874
A22-313CD34NEUN.svs,Neuron,Layer1,10094.4,10865.3,Layer1,64.92495668077107
A22-313CD34NEUN.svs,Neuron,Layer1,10110.6,10864.6,Layer1,52.04305909533016
A22-313CD34NEUN.svs,Neuron,Layer1,10134.2,10868.1,Layer1,42.40672116540088
A22-313CD34NEUN.svs,Neuron,Layer1,10124.1,10866.6,Layer1,45.25847986841859
A22-313CD34NEUN.svs,Neuron,Layer1,10390.4,10867.1,Layer1,36.530808915215324
A22-313CD34NEUN.svs,Neuron,Layer1,10117.0,10869.3,Layer1,51.44326972500852
A22-313CD34NEUN.svs,Neuron,Layer1,10081.9,10943.6,Layer1,22.94907405539511
A22-313CD34NEUN.svs,Neuron,Layer1,10223.9,10975.5,Layer1,35.05952081817454
A22-313CD34NEUN.svs,Neuron,Layer1,10450.0,10979.9,Layer1,41.99904760824929
A22-313CD34NEUN.svs,Neuron,Layer1,10334.4,11068.4,Layer1,34.15054904390233
A22-313CD34NEUN.svs,Neuron,Layer1,10465.6,11075.3,Layer1,31.016124838540932
A22-313CD34NEUN.svs,Neuron,Layer1,10339.5,11077.3,Layer1,35.81563904218387
A22-313CD34NEUN.svs,Neuron,Layer1,10032.0,11105.6,Layer1,31.45298078084215
A22-313CD34NEUN.svs,Neuron,Layer1,10035.3,11117.4,Layer1,41.51445531378251
A22-313CD34NEUN.svs,Neuron,Layer1,10230.0,11145.5,Layer1,36.093489717675844
A22-313CD34NEUN.svs,Neuron,Layer1,11087.2,10369.6,Layer1,15.791770008457462
A22-313CD34NEUN.svs,Neuron,Layer1 Region_4947,8250.0,10687.0,Layer1,74.50214762005149
A22-313CD34NEUN.svs,Neuron,Layer1 Region_4962,8564.6,10371.6,Layer1,108.96536146867855
A22-313CD34NEUN.svs,Neuron,Layer1 Region_4963,8564.1,11078.7,Layer1,30.686316168612564
A22-313CD34NEUN.svs,Neuron,Layer1 Region_4965,8777.6,10167.7,Layer1,55.28408450901678
A22-313CD34NEUN.svs,Neuron,Layer1 Region_4967,8783.7,11063.0,Layer1,13.534031180694356
A22-313CD34NEUN.svs,Neuron,Layer1 Region_4967,8758.4,11069.8,Layer1,12.664912159190655
A22-313CD34NEUN.svs,Neuron,Layer1 Region_4968,8884.7,10076.0,Layer1,11.360017605620817
A22-313CD34NEUN.svs,Neuron,Layer1 Region_4969,8863.9,11055.5,Layer1,17.532826355155635
A22-313CD34NEUN.svs,Neuron,Layer1 Region_4969,8827.4,11093.8,Layer1,12.465151423066157
A22-313CD34NEUN.svs,Neuron,Layer1 Region_4970,8978.3,10966.8,Layer1,15.984992962150587
A22-313CD34NEUN.svs,Neuron,Layer1 Region_4970,8928.0,10994.0,Layer1,11.840608092492701
A22-313CD34NEUN.svs,Neuron,Layer1 Region_4970,8941.6,11006.2,Layer1,6.985699678629297
A22-313CD34NEUN.svs,Neuron,Layer1 Region_4973,9178.1,11022.3,Layer1,25.49431309135444
A22-313CD34NEUN.svs,Neuron,Layer1 Region_4974,9212.3,9652.3,Layer1,21.32650932524893
A22-313CD34NEUN.svs,Neuron,Layer1 Region_4974,9271.7,9692.7,Layer1,10.071742649611425
A22-313CD34NEUN.svs,Neuron,Layer1 Region_4976,9330.0,9542.6,Layer1,28.21435804692427
A22-313CD34NEUN.svs,Neuron,Layer1 Region_4976,9402.8,9594.8,Layer1,39.78592716023906
A22-313CD34NEUN.svs,Neuron,Layer1 Region_4977,9405.8,11015.4,Layer1,43.98840756381264
A22-313CD34NEUN.svs,Neuron,Layer1 Region_4978,9504.5,9504.5,Layer1,88.68895083379857
A22-313CD34NEUN.svs,Neuron,Layer1 Region_4979,9446.8,10930.0,Layer1,11.182575731912735
A22-313CD34NEUN.svs,Neuron,Layer1 Region_4979,9448.2,10938.8,Layer1,12.175795661885921
A22-313CD34NEUN.svs,Neuron,Layer1 Region_4979,9459.2,10937.8,Layer1,22.699118925632334
A22-313CD34NEUN.svs,Neuron,Layer1 Region_4979,9494.6,10965.9,Layer1,13.184839779079425
A22-313CD34NEUN.svs,Neuron,Layer1 Region_4979,9411.7,10990.9,Layer1,43.86217048893008
A22-313CD34NEUN.svs,Neuron,Layer1 Region_4979,9421.3,10998.2,Layer1,38.46894851695446
A22-313CD34NEUN.svs,Neuron,Layer1 Region_4980,9412.5,11013.6,Layer1,42.03867267171979
A22-313CD34NEUN.svs,Neuron,Layer1 Region_4980,9463.7,11090.1,Layer1,45.61852693807672
A22-313CD34NEUN.svs,Neuron,Layer1 Region_4981,9594.7,9352.1,Layer1,26.570848687988704
A22-313CD34NEUN.svs,Neuron,Layer1 Region_4981,9525.7,9364.7,Layer1,30.430412419157012
A22-313CD34NEUN.svs,Neuron,Layer1 Region_4981,9599.6,9381.0,Layer1,28.021598812344916
A22-313CD34NEUN.svs,Neuron,Layer1 Region_4981,9563.0,9393.6,Layer1,12.141251994749505
A22-313CD34NEUN.svs,Neuron,Layer1 Region_4981,9519.3,9404.9,Layer1,22.10701246211187
A22-313CD34NEUN.svs,Neuron,Layer1 Region_4982,9606.9,10900.3,Layer1,48.670730423941315
A22-313CD34NEUN.svs,Neuron,Layer1 Region_4983,9604.3,10951.3,Layer1,48.961209135396786
A22-313CD34NEUN.svs,Neuron,Layer1 Region_4984,9534.0,11083.8,Layer1,40.59766003108902
A22-313CD34NEUN.svs,Neuron,Layer1 Region_4985,9669.9,9212.9,Layer1,61.100327331366074
A22-313CD34NEUN.svs,Neuron,Layer1 Region_4985,9636.6,9257.3,Layer1,36.1669738850243
A22-313CD34NEUN.svs,Neuron,Layer1 Region_4985,9654.6,9279.0,Layer1,8.709764635166591
A22-313CD34NEUN.svs,Neuron,Layer1 Region_4986,9674.6,10813.1,Layer1,62.093155822522085
A22-313CD34NEUN.svs,Neuron,Layer1 Region_4986,9675.2,10898.8,Layer1,27.038676003087616
A22-313CD34NEUN.svs,Neuron,Layer1 Region_4988,9736.9,9151.5,Layer1,43.63954628545041
A22-313CD34NEUN.svs,Neuron,Layer1 Region_4989,9758.0,10813.1,Layer1,55.587138800264356
A22-313CD34NEUN.svs,Neuron,Layer1 Region_4989,9775.0,10822.4,Layer1,58.913495907134106
A22-313CD34NEUN.svs,Neuron,Layer1 Region_4989,9793.5,10836.3,Layer1,63.35810918895941
A22-313CD34NEUN.svs,Neuron,Layer1 Region_4989,9736.1,10883.2,Layer1,21.95381515819195
A22-313CD34NEUN.svs,Neuron,Layer1 Region_4989,9720.2,10896.6,Layer1,36.49712317430068
A22-313CD34NEUN.svs,Neuron,Layer1 Region_4989,9799.8,10903.6,Layer1,18.46212338816947
A22-313CD34NEUN.svs,Neuron,Layer1 Region_4990,9713.3,10941.7,Layer1,6.4637450444782365
A22-313CD34NEUN.svs,Neuron,Layer1 Region_4990,9804.6,10985.2,Layer1,13.607718398028357
A22-313CD34NEUN.svs,Neuron,Layer1 Region_4992,9853.1,10839.8,Layer1,27.94852411130178
A22-313CD34NEUN.svs,Neuron,Layer1 Region_4993,9848.2,10934.1,Layer1,37.381546249452754
A22-313CD34NEUN.svs,Neuron,Layer1 Region_4995,9953.8,10930.6,Layer1,53.41610244111855
A22-313CD34NEUN.svs,Neuron,Layer1 Region_4996,10067.8,8644.8,Layer1,48.801639316728966
A22-313CD34NEUN.svs,Neuron,Layer1 Region_4997,10082.0,10943.7,Layer1,22.811400658442388
A22-313CD34NEUN.svs,Neuron,Layer1 Region_4999,10148.8,8595.6,Layer1,67.12436219436336
A22-313CD34NEUN.svs,Neuron,Layer1 Region_5002,10219.3,8374.8,Layer1,54.74568476145016
A22-313CD34NEUN.svs,Neuron,Layer1 Region_5002,10223.8,8379.7,Layer1,49.09022305917988
A22-313CD34NEUN.svs,Neuron,Layer1 Region_5002,10303.7,8405.3,Layer1,35.111821371157134
A22-313CD34NEUN.svs,Neuron,Layer1 Region_5003,10272.7,10754.5,Layer1,37.58403916558204
A22-313CD34NEUN.svs,Neuron,Layer1 Region_5003,10238.7,10761.7,Layer1,40.482094807456996
A22-313CD34NEUN.svs,Neuron,Layer1 Region_5003,10252.7,10766.1,Layer1,28.717938644686388
A22-313CD34NEUN.svs,Neuron,Layer1 Region_5004,10225.9,10852.2,Layer1,34.10395871449626
A22-313CD34NEUN.svs,Neuron,Layer1 Region_5005,10224.0,10975.3,Layer1,35.040833323424394
A22-313CD34NEUN.svs,Neuron,Layer1 Region_5005,10224.7,11007.0,Layer1,36.84019543922056
A22-313CD34NEUN.svs,Neuron,Layer1 Region_5007,10379.2,8301.7,Layer1,140.09800141329603
A22-313CD34NEUN.svs,Neuron,Layer1 Region_5008,10402.5,10719.2,Layer1,24.581497106564314
A22-313CD34NEUN.svs,Neuron,Layer1 Region_5008,10403.0,10765.1,Layer1,11.08196733436767
A22-313CD34NEUN.svs,Neuron,Layer1 Region_5008,10374.0,10804.5,Layer1,39.397081110153415
A22-313CD34NEUN.svs,Neuron,Layer1 Region_5009,10404.9,10860.3,Layer1,38.99089637338416
A22-313CD34NEUN.svs,Neuron,Layer1 Region_5009,10390.4,10867.1,Layer1,36.530808915215324
A22-313CD34NEUN.svs,Neuron,Layer1 Region_5011,10334.4,11068.3,Layer1,34.19897659287468
A22-313CD34NEUN.svs,Neuron,Layer1 Region_5011,10339.7,11077.4,Layer1,35.990137537942964
A22-313CD34NEUN.svs,Neuron,Layer1 Region_5014,10504.7,10747.9,Layer1,46.87963310436528
A22-313CD34NEUN.svs,Neuron,Layer1 Region_5016,10454.6,10941.8,Layer1,22.912442034840623
A22-313CD34NEUN.svs,Neuron,Layer1 Region_5016,10450.0,10979.9,Layer1,41.99904760824929
A22-313CD34NEUN.svs,Neuron,Layer1 Region_5019,10545.6,10564.5,Layer1,36.94807166822076
A22-313CD34NEUN.svs,Neuron,Layer1 Region_5019,10511.8,10603.6,Layer1,28.866936103438
A22-313CD34NEUN.svs,Neuron,Layer1 Region_5023,10658.2,7718.4,Layer1,26.673207531154162
A22-313CD34NEUN.svs,Neuron,Layer1 Region_5023,10638.9,7727.4,Layer1,29.7060599878214
A22-313CD34NEUN.svs,Neuron,Layer1 Region_5023,10657.0,7732.7,Layer1,13.569450983736004
A22-313CD34NEUN.svs,Neuron,Layer1 Region_5024,10649.0,7822.0,Layer1,24.546486510292816
A22-313CD34NEUN.svs,Neuron,Layer1 Region_5024,10613.4,7843.1,Layer1,21.814673960434245
A22-313CD34NEUN.svs,Neuron,Layer1 Region_5026,10664.2,10506.8,Layer1,17.62640065356535
A22-313CD34NEUN.svs,Neuron,Layer1 Region_5027,10612.0,10521.7,Layer1,7.130918594401757
A22-313CD34NEUN.svs,Neuron,Layer1 Region_5027,10613.6,10529.7,Layer1,4.522167621839493
A22-313CD34NEUN.svs,Neuron,Layer1 Region_5028,10647.1,10645.2,Layer1,29.494406249321457
A22-313CD34NEUN.svs,Neuron,Layer1 Region_5030,10794.0,7670.4,Layer1,15.164761785138086
A22-313CD34NEUN.svs,Neuron,Layer1 Region_5031,10769.6,10211.1,Layer1,16.93192251340628
A22-313CD34NEUN.svs,Neuron,Layer1 Region_5033,10722.7,10495.8,Layer1,27.97320146139873
A22-313CD34NEUN.svs,Neuron,Layer1 Region_5035,10798.1,10644.5,Layer1,21.47673159491453
A22-313CD34NEUN.svs,Neuron,Layer1 Region_5035,10776.4,10693.9,Layer1,35.887184342047206
A22-313CD34NEUN.svs,Neuron,Layer1 Region_5036,10880.0,7421.8,Layer1,20.86935552430821
A22-313CD34NEUN.svs,Neuron,Layer1 Region_5040,10961.8,7232.6,Layer1,9.080198235721369
A22-313CD34NEUN.svs,Neuron,Layer1 Region_5041,10915.9,7377.5,Layer1,15.528361149844894
A22-313CD34NEUN.svs,Neuron,Layer1 Region_5042,10963.9,10145.6,Layer1,41.314525290750815
A22-313CD34NEUN.svs,Neuron,Layer1 Region_5043,10969.7,10291.2,Layer1,56.94295391003175
A22-313CD34NEUN.svs,Neuron,Layer1 Region_5046,11012.7,7177.5,Layer1,20.300985197768302
A22-313CD34NEUN.svs,Neuron,Layer1 Region_5048,11045.6,10064.4,Layer1,30.771740282279367
A22-313CD34NEUN.svs,Neuron,Layer1 Region_5049,11104.9,10135.7,Layer1,16.386579875007257
A22-313CD34NEUN.svs,Neuron,Layer1 Region_5050,11103.7,10240.3,Layer1,38.63586416789584
A22-313CD34NEUN.svs,Neuron,Layer1 Region_5050,11065.0,10304.7,Layer1,29.89180489699434
A22-313CD34NEUN.svs,Neuron,Layer1 Region_5053,11114.2,9991.9,Layer1,34.713109915419565
A22-313CD34NEUN.svs,Neuron,Layer1 Region_5054,11150.2,10049.0,Layer1,66.69490235392824
A22-313CD34NEUN.svs,Neuron,Layer1 Region_5054,11199.8,10055.0,Layer1,64.75839713890296
A22-313CD34NEUN.svs,Neuron,Layer1 Region_5056,11255.9,6741.2,Layer1,54.34786104346744
A22-313CD34NEUN.svs,Neuron,Layer1 Region_5056,11263.3,6795.5,Layer1,31.66385952469989
A22-313CD34NEUN.svs,Neuron,Layer1 Region_5057,11269.7,6870.7,Layer1,27.215620514697246
A22-313CD34NEUN.svs,Neuron,Layer1 Region_5057,11263.2,6875.6,Layer1,21.405840324546578
A22-313CD34NEUN.svs,Neuron,Layer1 Region_5057,11302.3,6891.8,Layer1,39.939954932371705
A22-313CD34NEUN.svs,Neuron,Layer1 Region_5058,11274.8,9673.6,Layer1,31.088583113418
A22-313CD34NEUN.svs,Neuron,Layer1 Region_5058,11303.4,9703.1,Layer1,33.567841753677634
A22-313CD34NEUN.svs,Neuron,Layer1 Region_5059,11274.5,9779.1,Layer1,21.321350801484684
A22-313CD34NEUN.svs,Neuron,Layer1 Region_5064,11368.0,6660.9,Layer1,58.80765256325009
A22-313CD34NEUN.svs,Neuron,Layer1 Region_5064,11369.2,6684.3,Layer1,38.288379438153015
A22-313CD34NEUN.svs,Neuron,Layer1 Region_5065,11402.4,9571.4,Layer1,28.16185363217522
A22-313CD34NEUN.svs,Neuron,Layer1 Region_5068,11379.7,9842.3,Layer1,10.604244433243219
A22-313CD34NEUN.svs,Neuron,Layer1 Region_5070,11451.6,6458.7,Layer1,56.47583554052112
A22-313CD34NEUN.svs,Neuron,Layer1 Region_5071,11444.7,9417.1,Layer1,76.52012807098457
A22-313CD34NEUN.svs,Neuron,Layer1 Region_5071,11413.0,9428.2,Layer1,75.21495861861428
A22-313CD34NEUN.svs,Neuron,Layer1 Region_5073,11440.9,9625.9,Layer1,43.200115740585694
A22-313CD34NEUN.svs,Neuron,Layer1 Region_5075,11484.8,9898.4,Layer1,11.869709347748033
A22-313CD34NEUN.svs,Neuron,Layer1 Region_5076,11542.6,6126.5,Layer1,40.742729412743245
A22-313CD34NEUN.svs,Neuron,Layer1 Region_5077,11571.7,6295.7,Layer1,12.767536959022358
A22-313CD34NEUN.svs,Neuron,Layer1 Region_5077,11526.6,6301.4,Layer1,46.23299687452668
A22-313CD34NEUN.svs,Neuron,Layer1 Region_5080,11511.8,9469.4,Layer1,65.83076788250241
A22-313CD34NEUN.svs,Neuron,Layer1 Region_5086,11648.9,6129.2,Layer1,31.74035286508311
A22-313CD34NEUN.svs,Neuron,Layer1 Region_5086,11707.5,6200.5,Layer1,61.06955051414722
A22-313CD34NEUN.svs,Neuron,Layer1 Region_5093,11782.2,5881.6,Layer1,43.82989847124858
A22-313CD34NEUN.svs,Neuron,Layer1 Region_5101,11896.3,5710.1,Layer1,41.044000779650865
A22-313CD34NEUN.svs,Neuron,Layer1 Region_5101,11870.2,5727.9,Layer1,10.33537614216439
A22-313CD34NEUN.svs,Neuron,Layer1 Region_5101,11907.1,5779.8,Layer1,59.8254126605083
A22-313CD34NEUN.svs,Neuron,Layer1 Region_5101,11860.8,5799.6,Layer1,59.94138803864953
A22-313CD34NEUN.svs,Neuron,Layer1 Region_5102,11880.7,8910.1,Layer1,22.496444163467814
A22-313CD34NEUN.svs,Neuron,Layer1 Region_5102,11871.7,8925.3,Layer1,8.229823813424586
A22-313CD34NEUN.svs,Neuron,Layer1 Region_5103,11836.5,9056.6,Layer1,34.17601498127012
A22-313CD34NEUN.svs,Neuron,Layer1 Region_5103,11832.9,9061.2,Layer1,39.28002036659398
A22-313CD34NEUN.svs,Neuron,Layer1 Region_5103,11853.1,9085.9,Layer1,44.07777217600645
A22-313CD34NEUN.svs,Neuron,Layer1 Region_5105,11906.2,9223.9,Layer1,29.62330163908033
A22-313CD34NEUN.svs,Neuron,Layer1 Region_5108,11952.0,5539.4,Layer1,67.62492144172882
A22-313CD34NEUN.svs,Neuron,Layer1 Region_5110,12006.8,9053.4,Layer1,36.84358831601631
A22-313CD34NEUN.svs,Neuron,Layer1 Region_5110,11925.5,9056.1,Layer1,58.148516748065035
A22-313CD34NEUN.svs,Neuron,Layer1 Region_5115,12032.9,8823.8,Layer1,117.94545349440195
A22-313CD34NEUN.svs,Neuron,Layer1 Region_5115,12046.5,8845.0,Layer1,101.73106703460832
A22-313CD34NEUN.svs,Neuron,Layer1 Region_5115,12087.0,8892.4,Layer1,92.06475981612061
A22-313CD34NEUN.svs,Neuron,Layer1 Region_5116,12064.0,8945.2,Layer1,56.73975678481507
A22-313CD34NEUN.svs,Neuron,Layer1 Region_5116,12030.6,8989.4,Layer1,55.39999999999967
A22-313CD34NEUN.svs,Neuron,Layer1 Region_5117,12095.1,9059.4,Layer1,39.82461550348083
A22-313CD34NEUN.svs,Neuron,Layer1 Region_5121,12137.4,8779.9,Layer1,52.00471132503286
A22-313CD34NEUN.svs,Neuron,Layer1 Region_5122,12176.6,8827.8,Layer1,48.904805489848115
A22-313CD34NEUN.svs,Neuron,Layer1 Region_5123,12129.3,8988.2,Layer1,26.462237244799294
A22-313CD34NEUN.svs,Neuron,Layer1 Region_5125,12205.9,9201.7,Layer1,24.016869071551486
A22-313CD34NEUN.svs,Neuron,Layer1 Region_5132,12372.1,8718.3,Layer1,53.682399350253384
A22-313CD34NEUN.svs,Neuron,Layer1 Region_5132,12390.6,8730.4,Layer1,56.12343539021877
A22-313CD34NEUN.svs,Neuron,Layer1 Region_5136,12640.0,5245.7,Layer1,25.103386225766428
A22-313CD34NEUN.svs,Neuron,Layer1 Region_5136,12706.9,5286.3,Layer1,53.160605715135056
A22-313CD34NEUN.svs,Neuron,Layer1 Region_5138,12823.9,5185.9,Layer1,56.20053380529468
A22-313CD34NEUN.svs,Neuron,Layer1 Region_5140,13167.9,5088.5,Layer1,18.88544413033511
A22-313CD34NEUN.svs,Neuron,Layer1 Region_5141,13259.9,5053.6,Layer1,30.905824693736584
A22-313CD34NEUN.svs,Neuron,Layer1 Region_5141,13264.3,5060.9,Layer1,32.20139748520173
A22-313CD34NEUN.svs,Neuron,Layer1 Region_5141,13215.7,5072.8,Layer1,23.85225356229444
A22-313CD34NEUN.svs,Neuron,Layer1 Region_5145,13749.4,4725.7,Layer1,9.108238029388644
A22-313CD34NEUN.svs,Neuron,Layer1 Region_5145,13735.9,4760.5,Layer1,33.70178036840154
A22-313CD34NEUN.svs,Neuron,Layer1 Region_5148,14087.6,4492.5,Layer1,63.66301909271949
A22-313CD34NEUN.svs,Neuron,Layer1 Region_5152,14493.1,1356.7,Layer1,22.599557517792217
A22-313CD34NEUN.svs,Neuron,Layer1 Region_5153,14552.3,1459.9,Layer1,41.87660444687429
A22-313CD34NEUN.svs,Neuron,Layer1 Region_5158,14806.1,1725.7,Layer1,66.02984173841443
A22-313CD34NEUN.svs,Neuron,Layer1 Region_5158,14795.4,1798.7,Layer1,40.82315519408134
A22-313CD34NEUN.svs,Neuron,Layer1 Region_5159,14889.0,1821.0,Layer1,23.568198912942314
A22-313CD34NEUN.svs,Neuron,Layer1 Region_5159,14867.2,1887.6,Layer1,56.10436703145298
A22-313CD34NEUN.svs,Neuron,Layer1 Region_5159,14838.3,1890.9,Layer1,55.45529731233974
A22-313CD34NEUN.svs,Neuron,Layer1 Region_5161,14898.0,2081.4,Layer1,15.480633061990192
A22-313CD34NEUN.svs,Neuron,Layer1 Region_5161,14887.9,2087.1,Layer1,15.259423318067839
A22-313CD34NEUN.svs,Neuron,Layer1 Region_5162,14840.1,2143.5,Layer1,39.58408771210875
A22-313CD34NEUN.svs,Neuron,Layer1 Region_5163,14819.2,2418.8,Layer1,43.180666970300486
A22-313CD34NEUN.svs,Neuron,Layer1 Region_5164,14874.5,2506.7,Layer1,27.22590678012442
A22-313CD34NEUN.svs,Neuron,Layer1 Region_6811,12616.7,6754.8,Layer1,33.4439830163815
A22-313CD34NEUN.svs,Neuron,Layer1 Region_6811,12672.3,6759.7,Layer1,38.33131878764405
A22-313CD34NEUN.svs,Neuron,Layer1 Region_6811,12675.8,6766.6,Layer1,32.35567956325418
A22-313CD34NEUN.svs,Neuron,Layer1 Region_6812,12643.8,6869.0,Layer1,29.134858846406072
A22-313CD34NEUN.svs,Neuron,Layer1 Region_6813,12657.5,6933.8,Layer1,10.920164833920852
A22-313CD34NEUN.svs,Neuron,Layer1 Region_6813,12615.5,6935.7,Layer1,38.0348524382569
A22-313CD34NEUN.svs,Neuron,Layer1 Region_6813,12705.9,6995.4,Layer1,9.420191080865626
A22-313CD34NEUN.svs,Neuron,Layer1 Region_6815,12659.2,7182.8,Layer1,50.15466080036746
A22-313CD34NEUN.svs,Neuron,Layer1 Region_6816,12616.3,7236.7,Layer1,11.901680553602121
A22-313CD34NEUN.svs,Neuron,Layer1 Region_6816,12641.3,7267.4,Layer1,49.4954543367358
A22-313CD34NEUN.svs,Neuron,Layer1 Region_6816,12666.4,7288.4,Layer1,57.28944056281329
A22-313CD34NEUN.svs,Neuron,Layer1 Region_6817,12633.2,8904.6,Layer1,24.311519903122985
A22-313CD34NEUN.svs,Neuron,Layer1 Region_6828,12802.3,8713.5,Layer1,21.755459085020654
A22-313CD34NEUN.svs,Neuron,Layer1 Region_6828,12737.9,8724.3,Layer1,20.30394050424759
A22-313CD34NEUN.svs,Neuron,Layer1 Region_6828,12750.2,8731.6,Layer1,31.962634434603366
A22-313CD34NEUN.svs,Neuron,Layer1 Region_6828,12765.7,8734.2,Layer1,20.906697491472848
A22-313CD34NEUN.svs,Neuron,Layer1 Region_6828,12756.6,8736.4,Layer1,30.23375596911403
A22-313CD34NEUN.svs,Neuron,Layer1 Region_6828,12738.2,8737.5,Layer1,21.410744966022367
A22-313CD34NEUN.svs,Neuron,Layer1 Region_6828,12713.7,8739.5,Layer1,10.916501271010754
A22-313CD34NEUN.svs,Neuron,Layer1 Region_6828,12733.0,8749.0,Layer1,24.34029580756995
A22-313CD34NEUN.svs,Neuron,Layer1 Region_6828,12748.7,8747.9,Layer1,25.374790639531177
A22-313CD34NEUN.svs,Neuron,Layer1 Region_6828,12718.1,8746.9,Layer1,17.30115603073894
A22-313CD34NEUN.svs,Neuron,Layer1 Region_6828,12741.2,8747.9,Layer1,28.84666358524029
A22-313CD34NEUN.svs,Neuron,Layer1 Region_6828,12723.9,8755.1,Layer1,26.10766171069336
A22-313CD34NEUN.svs,Neuron,Layer1 Region_6828,12715.5,8754.2,Layer1,24.758836806280176
A22-313CD34NEUN.svs,Neuron,Layer1 Region_6829,12801.0,8815.5,Layer1,32.71238297648077
A22-313CD34NEUN.svs,Neuron,Layer1 Region_6830,12887.5,6275.8,Layer1,39.714606884621176
A22-313CD34NEUN.svs,Neuron,Layer1 Region_6832,12870.5,7336.1,Layer1,27.867723265455236
A22-313CD34NEUN.svs,Neuron,Layer1 Region_6832,12814.8,7399.4,Layer1,13.519245541079595
A22-313CD34NEUN.svs,Neuron,Layer1 Region_6834,12815.1,7603.3,Layer1,93.66733688965475
A22-313CD34NEUN.svs,Neuron,Layer1 Region_6835,12845.5,8711.9,Layer1,21.827734651126054
A22-313CD34NEUN.svs,Neuron,Layer1 Region_6835,12817.0,8710.4,Layer1,22.580079716422585
A22-313CD34NEUN.svs,Neuron,Layer1 Region_6835,12856.7,8713.0,Layer1,25.02838388709888
A22-313CD34NEUN.svs,Neuron,Layer1 Region_6835,12831.0,8710.8,Layer1,25.900193049473437
A22-313CD34NEUN.svs,Neuron,Layer1 Region_6835,12824.6,8714.2,Layer1,26.910592709936093
A22-313CD34NEUN.svs,Neuron,Layer1 Region_6835,12818.4,8719.2,Layer1,31.303993355482113
A22-313CD34NEUN.svs,Neuron,Layer1 Region_6835,12813.0,8718.5,Layer1,28.938728375656606
A22-313CD34NEUN.svs,Neuron,Layer1 Region_6835,12828.8,8723.3,Layer1,36.75826437687132
A22-313CD34NEUN.svs,Neuron,Layer1 Region_6837,12958.7,6204.0,Layer1,41.33533597299012
A22-313CD34NEUN.svs,Neuron,Layer1 Region_6841,12968.6,8714.2,Layer1,38.400260415782384
A22-313CD34NEUN.svs,Neuron,Layer1 Region_6843,13100.7,7661.2,Layer1,7.85175139698078
A22-313CD34NEUN.svs,Neuron,Layer1 Region_6844,13035.3,7802.2,Layer1,64.99384586251324
A22-313CD34NEUN.svs,Neuron,Layer1 Region_6845,13086.2,8757.1,Layer1,34.48202430252625
A22-313CD34NEUN.svs,Neuron,Layer1 Region_6846,13089.0,8811.0,Layer1,12.517587627015546
A22-313CD34NEUN.svs,Neuron,Layer1 Region_6849,13257.8,5711.4,Layer1,47.769550971304064
A22-313CD34NEUN.svs,Neuron,Layer1 Region_6849,13273.9,5799.2,Layer1,39.85573986265894
A22-313CD34NEUN.svs,Neuron,Layer1 Region_6850,13237.8,7765.2,Layer1,24.32488437793562
A22-313CD34NEUN.svs,Neuron,Layer1 Region_6851,13281.7,7893.3,Layer1,40.45454239019543
A22-313CD34NEUN.svs,Neuron,Layer1 Region_6851,13275.3,7893.0,Layer1,34.04761371961331
A22-313CD34NEUN.svs,Neuron,Layer1 Region_6852,13291.5,8610.7,Layer1,45.09911307332003
A22-313CD34NEUN.svs,Neuron,Layer1 Region_6852,13285.3,8613.8,Layer1,52.022302909426394
A22-313CD34NEUN.svs,Neuron,Layer1 Region_6852,13267.5,8669.1,Layer1,28.853422673922573
A22-313CD34NEUN.svs,Neuron,Layer1 Region_6852,13229.6,8685.7,Layer1,54.94770240874499
A22-313CD34NEUN.svs,Neuron,Layer1 Region_6852,13293.6,8702.5,Layer1,13.505924625882042
A22-313CD34NEUN.svs,Neuron,Layer1 Region_6854,13362.3,5579.2,Layer1,16.264070831129583
A22-313CD34NEUN.svs,Neuron,Layer1 Region_6855,13330.7,5614.4,Layer1,31.06444913401701
A22-313CD34NEUN.svs,Neuron,Layer1 Region_6855,13326.4,5619.2,Layer1,37.507465923466214
A22-313CD34NEUN.svs,Neuron,Layer1 Region_6856,13316.2,7891.1,Layer1,64.32705496134597
A22-313CD34NEUN.svs,Neuron,Layer1 Region_6857,13355.1,8619.8,Layer1,39.76581446418468
A22-313CD34NEUN.svs,Neuron,Layer1 Region_6857,13330.7,8645.1,Layer1,33.41751038003815
A22-313CD34NEUN.svs,Neuron,Layer1 Region_6860,13505.7,7811.3,Layer1,40.08703032153969
A22-313CD34NEUN.svs,Neuron,Layer1 Region_6861,13453.1,7935.0,Layer1,43.499195394858134
A22-313CD34NEUN.svs,Neuron,Layer1 Region_6861,13485.0,7951.6,Layer1,63.180534977158025
A22-313CD34NEUN.svs,Neuron,Layer1 Region_6861,13509.8,7988.9,Layer1,42.61748467472007
A22-313CD34NEUN.svs,Neuron,Layer1 Region_6862,13472.3,8621.0,Layer1,57.91200221025119
A22-313CD34NEUN.svs,Neuron,Layer1 Region_6862,13505.1,8677.9,Layer1,12.69054766351654
A22-313CD34NEUN.svs,Neuron,Layer1 Region_6864,13561.6,5462.5,Layer1,12.880993750484182
A22-313CD34NEUN.svs,Neuron,Layer1 Region_6868,13702.5,5363.9,Layer1,16.479381056337736
A22-313CD34NEUN.svs,Neuron,Layer1 Region_6868,13682.0,5378.4,Layer1,32.82925524589286
A22-313CD34NEUN.svs,Neuron,Layer1 Region_6868,13658.8,5389.2,Layer1,13.224220203853116
A22-313CD34NEUN.svs,Neuron,Layer1 Region_6869,13637.9,5408.8,Layer1,17.32166273773908
A22-313CD34NEUN.svs,Neuron,Layer1 Region_6869,13640.4,5423.0,Layer1,18.064606278576154
A22-313CD34NEUN.svs,Neuron,Layer1 Region_6869,13635.0,5477.7,Layer1,22.404017496868523
A22-313CD34NEUN.svs,Neuron,Layer1 Region_6873,13719.8,5379.8,Layer1,27.7540987963942
A22-313CD34NEUN.svs,Neuron,Layer1 Region_6873,13715.0,5383.9,Layer1,31.400636936214806
A22-313CD34NEUN.svs,Neuron,Layer1 Region_6874,13760.4,8073.4,Layer1,31.201602522947365
A22-313CD34NEUN.svs,Neuron,Layer1 Region_6876,13732.3,8740.5,Layer1,26.24271327435433
A22-313CD34NEUN.svs,Neuron,Layer1 Region_6877,13863.0,5236.0,Layer1,23.234887561596178
A22-313CD34NEUN.svs,Neuron,Layer1 Region_6880,13987.8,5131.0,Layer1,25.51568145278509
A22-313CD34NEUN.svs,Neuron,Layer1 Region_6880,13990.8,5140.2,Layer1,33.651448705812555
A22-313CD34NEUN.svs,Neuron,Layer1 Region_6880,13989.0,5147.3,Layer1,29.005689097140305
A22-313CD34NEUN.svs,Neuron,Layer1 Region_6880,14009.6,5155.8,Layer1,35.78505274552556
A22-313CD34NEUN.svs,Neuron,Layer1 Region_6880,13984.2,5162.5,Layer1,23.138928237928308
A22-313CD34NEUN.svs,Neuron,Layer1 Region_6880,13986.5,5168.8,Layer1,27.421342053224887
A22-313CD34NEUN.svs,Neuron,Layer1 Region_6880,13950.9,5194.2,Layer1,20.17176244159181
A22-313CD34NEUN.svs,Neuron,Layer1 Region_6883,14010.3,8731.2,Layer1,12.010828447696992
A22-313CD34NEUN.svs,Neuron,Layer1 Region_6886,14066.1,8204.8,Layer1,16.714664220379287
A22-313CD34NEUN.svs,Neuron,Layer1 Region_6887,14040.3,8792.4,Layer1,80.09956304499978
A22-313CD34NEUN.svs,Neuron,Layer1 Region_6891,14153.9,8725.0,Layer1,11.90378091196246
A22-313CD34NEUN.svs,Neuron,Layer1 Region_6910,14710.3,4553.1,Layer1,18.069310999592343
A22-313CD34NEUN.svs,Neuron,Layer1 Region_6921,14830.6,4163.7,Layer1,26.023258827441285
A22-313CD34NEUN.svs,Neuron,Layer1 Region_6921,14839.0,4164.1,Layer1,27.39069184960501
A22-313CD34NEUN.svs,Neuron,Layer1 Region_6921,14817.7,4170.9,Layer1,26.833747408815032
A22-313CD34NEUN.svs,Neuron,Layer1 Region_6921,14833.5,4175.1,Layer1,37.44329045369862
A22-313CD34NEUN.svs,Neuron,Layer1 Region_6921,14819.6,4190.9,Layer1,26.953292934260276
A22-313CD34NEUN.svs,Neuron,Layer1 Region_6921,14817.4,4198.9,Layer1,20.459960899278563
A22-313CD34NEUN.svs,Neuron,Layer1 Region_6924,14817.8,8585.2,Layer1,62.44141254007756
A22-313CD34NEUN.svs,Neuron,Layer1 Region_6926,14988.1,3707.0,Layer1,19.915069670980554
A22-313CD34NEUN.svs,Neuron,Layer1 Region_6926,14927.5,3791.9,Layer1,37.70013262576182
A22-313CD34NEUN.svs,Neuron,Layer1 Region_6930,14975.6,8562.6,Layer1,61.05710441873267
A22-313CD34NEUN.svs,Neuron,Layer1 Region_6930,14952.6,8563.7,Layer1,57.70008665504831
A22-313CD34NEUN.svs,Neuron,Layer1 Region_6930,15001.7,8586.0,Layer1,52.50238089839247
A22-313CD34NEUN.svs,Neuron,Layer1 Region_6930,14958.9,8599.1,Layer1,71.86160309929069
A22-313CD34NEUN.svs,Neuron,Layer1 Region_6932,15024.5,3346.6,Layer1,19.426270872198465
A22-313CD34NEUN.svs,Neuron,Layer1 Region_6934,15068.0,3505.9,Layer1,16.96496389621864
A22-313CD34NEUN.svs,Neuron,Layer1 Region_6936,15081.1,8590.8,Layer1,33.96233207540316
A22-313CD34NEUN.svs,Neuron,Layer1 Region_6938,15181.2,2988.2,Layer1,13.009611831257706
A22-313CD34NEUN.svs,Neuron,Layer1 Region_6938,15187.8,2987.0,Layer1,11.926860441876727
A22-313CD34NEUN.svs,Neuron,Layer1 Region_6943,15231.7,2695.9,Layer1,38.52505678126847
A22-313CD34NEUN.svs,Neuron,Layer1 Region_6947,15326.8,2308.3,Layer1,46.51300893298583
A22-313CD34NEUN.svs,Neuron,Layer1 Region_6947,15404.2,2382.0,Layer1,34.707059800565155
A22-313CD34NEUN.svs,Neuron,Layer1 Region_6948,15409.5,2442.0,Layer1,43.258409587038614
A22-313CD34NEUN.svs,Neuron,Layer1 Region_6949,15327.3,8586.7,Layer1,55.64000359453597
A22-313CD34NEUN.svs,Neuron,Layer1 Region_6950,15363.8,9632.1,Layer1,32.52460606986664
A22-313CD34NEUN.svs,Neuron,Layer1 Region_6952,15535.9,8416.5,Layer1,26.86726632912357
A22-313CD34NEUN.svs,Neuron,Layer1 Region_6953,15521.4,8568.0,Layer1,7.720103626247372
A22-313CD34NEUN.svs,Neuron,Layer1 Region_6960,15792.5,9747.6,Layer1,5.437830449729123
A22-313CD34NEUN.svs,Neuron,Layer1 Region_6960,15787.0,9755.2,Layer1,3.9698866482560797
A22-313CD34NEUN.svs,Neuron,Layer1 Region_6960,15794.6,9751.9,Layer1,5.008991914547343
A22-313CD34NEUN.svs,Neuron,Layer1 Region_6960,15792.2,9760.7,Layer1,8.88875694346526
A22-313CD34NEUN.svs,Neuron,Layer1 Region_6960,15794.5,9793.4,Layer1,7.7801028270838914
A22-313CD34NEUN.svs,Neuron,Layer1 Region_6960,15794.5,9803.4,Layer1,15.953996364546938
A22-313CD34NEUN.svs,Neuron,Layer1 Region_6961,15795.6,9810.4,Layer1,18.247739586043068
A22-313CD34NEUN.svs,Neuron,Layer1 Region_6961,15811.4,9813.7,Layer1,27.632770400377968
A22-313CD34NEUN.svs,Neuron,Layer1 Region_6961,15791.8,9815.3,Layer1,12.687395319765367
A22-313CD34NEUN.svs,Neuron,Layer1 Region_6961,15798.8,9818.8,Layer1,17.920379460268812
A22-313CD34NEUN.svs,Neuron,Layer1 Region_6961,15807.5,9824.4,Layer1,18.821530224719517
A22-313CD34NEUN.svs,Neuron,Layer1 Region_6961,15789.3,9822.9,Layer1,9.929753269844431
A22-313CD34NEUN.svs,Neuron,Layer1 Region_6961,15794.6,9829.5,Layer1,6.425729530567328
A22-313CD34NEUN.svs,Neuron,Layer1 Region_6961,15786.0,9831.7,Layer1,7.357309290765565
A22-313CD34NEUN.svs,Neuron,Layer1 Region_6961,15810.1,9837.7,Layer1,17.935439777157463
A22-313CD34NEUN.svs,Neuron,Layer1 Region_6961,15778.3,9837.2,Layer1,14.102836594104128
A22-313CD34NEUN.svs,Neuron,Layer1 Region_6961,15793.0,9844.4,Layer1,8.927485648265952
A22-313CD34NEUN.svs,Neuron,Layer1 Region_6961,15801.9,9840.5,Layer1,10.82404730218817
A22-313CD34NEUN.svs,Neuron,Layer1 Region_6961,15774.7,9844.0,Layer1,19.545076106271594
A22-313CD34NEUN.svs,Neuron,Layer1 Region_6961,15784.8,9844.7,Layer1,11.86970934774788
A22-313CD34NEUN.svs,Neuron,Layer1 Region_6961,15802.3,9846.1,Layer1,14.572576985557761
A22-313CD34NEUN.svs,Neuron,Layer1 Region_6961,15809.1,9850.2,Layer1,22.323306206744064
A22-313CD34NEUN.svs,Neuron,Layer1 Region_6961,15789.8,9855.0,Layer1,19.6596032513375
A22-313CD34NEUN.svs,Neuron,Layer1 Region_6961,15772.8,9859.9,Layer1,22.743790361326827
A22-313CD34NEUN.svs,Neuron,Layer1 Region_6961,15810.4,9863.0,Layer1,29.59408724728661
A22-313CD34NEUN.svs,Neuron,Layer1 Region_6961,15771.0,9868.1,Layer1,18.821795876057873
A22-313CD34NEUN.svs,Neuron,Layer1 Region_6961,15775.9,9871.2,Layer1,13.059862173851373
A22-313CD34NEUN.svs,Neuron,Layer1 Region_6961,15803.4,9873.7,Layer1,18.46780983224583
A22-313CD34NEUN.svs,Neuron,Layer1 Region_6961,15791.0,9872.7,Layer1,8.580209787644979
A22-313CD34NEUN.svs,Neuron,Layer1 Region_6961,15769.1,9876.3,Layer1,17.121039688055827
A22-313CD34NEUN.svs,Neuron,Layer1 Region_6961,15762.3,9877.5,Layer1,13.2909743811347
A22-313CD34NEUN.svs,Neuron,Layer1 Region_6961,15774.1,9882.3,Layer1,12.104957662048097
A22-313CD34NEUN.svs,Neuron,Layer1 Region_6961,15795.1,9881.2,Layer1,9.33809402394378
A22-313CD34NEUN.svs,Neuron,Layer1 Region_6961,15783.8,9883.4,Layer1,4.341658669218021
A22-313CD34NEUN.svs,Neuron,Layer1 Region_6961,15755.0,9889.4,Layer1,18.491078930121898
A22-313CD34NEUN.svs,Neuron,Layer1 Region_6961,15766.9,9891.2,Layer1,22.261176967986408
A22-313CD34NEUN.svs,Neuron,Layer1 Region_6961,15759.9,9891.2,Layer1,21.645553815967787
A22-313CD34NEUN.svs,Neuron,Layer1 Region_6961,15775.7,9895.8,Layer1,16.944615663979683
A22-313CD34NEUN.svs,Neuron,Layer1 Region_6961,15761.5,9902.1,Layer1,13.853880322854094
A22-313CD34NEUN.svs,Neuron,Layer1 Region_6962,15874.5,1704.0,Layer1,30.326885761647542
A22-313CD34NEUN.svs,Neuron,Layer1 Region_6962,15841.5,1705.8,Layer1,5.88217646794085
A22-313CD34NEUN.svs,Neuron,Layer1 Region_6962,15883.1,1707.4,Layer1,38.33379709864462
A22-313CD34NEUN.svs,Neuron,Layer1 Region_6962,15857.0,1711.8,Layer1,12.159358535712684
A22-313CD34NEUN.svs,Neuron,Layer1 Region_6962,15903.2,1719.7,Layer1,59.00593190519179
A22-313CD34NEUN.svs,Neuron,Layer1 Region_6962,15865.4,1713.0,Layer1,20.640009689920216
A22-313CD34NEUN.svs,Neuron,Layer1 Region_6962,15852.3,1716.7,Layer1,9.590099061010594
A22-313CD34NEUN.svs,Neuron,Layer1 Region_6962,15912.3,1727.6,Layer1,49.27514586482729
A22-313CD34NEUN.svs,Neuron,Layer1 Region_6962,15911.4,1737.0,Layer1,48.2034231149611
A22-313CD34NEUN.svs,Neuron,Layer1 Region_6962,15907.9,1746.0,Layer1,51.525915809425086
A22-313CD34NEUN.svs,Neuron,Layer1 Region_6962,15907.5,1755.0,Layer1,53.310411741046636
A22-313CD34NEUN.svs,Neuron,Layer1 Region_6962,15911.0,1763.3,Layer1,52.627939347839984
A22-313CD34NEUN.svs,Neuron,Layer1 Region_6965,15820.1,9815.7,Layer1,25.63201123595264
A22-313CD34NEUN.svs,Neuron,Layer1 Region_6965,15816.4,9825.3,Layer1,26.169638897012554
A22-313CD34NEUN.svs,Neuron,Layer1 Region_6965,15817.3,9840.7,Layer1,25.535073918044716
A22-313CD34NEUN.svs,Neuron,Layer1 Region_6965,15817.9,9849.9,Layer1,29.37209560109745
A22-313CD34NEUN.svs,Neuron,Layer1 Region_6966,15915.3,1690.1,Layer1,68.34683606429795
A22-313CD34NEUN.svs,Neuron,Layer1 Region_6968,15979.1,8513.5,Layer1,33.20150598993912
A22-313CD34NEUN.svs,Neuron,Layer1 Region_6970,16057.3,8427.6,Layer1,36.19640866163483
A22-313CD34NEUN.svs,Neuron,Layer1 Region_6971,16068.7,8560.6,Layer1,35.666510903086206
A22-313CD34NEUN.svs,Neuron,Layer1 Region_6973,16154.1,8532.9,Layer1,38.37668563073109
A22-313CD34NEUN.svs,Neuron,Layer1 Region_6973,16143.3,8537.9,Layer1,39.24499968148743
A22-313CD34NEUN.svs,Neuron,Layer1 Region_6973,16119.9,8559.0,Layer1,10.19117265087757
A22-313CD34NEUN.svs,Neuron,Layer1 Region_6973,16169.8,8560.4,Layer1,36.10872470747156
A22-313CD34NEUN.svs,Neuron,Layer1 Region_6974,16164.0,9911.5,Layer1,16.293557008830273
A22-313CD34NEUN.svs,Neuron,Layer1 Region_6974,16173.3,9913.7,Layer1,14.477914214417831
A22-313CD34NEUN.svs,Neuron,Layer1 Region_6974,16165.8,9920.7,Layer1,23.21551205552146
A22-313CD34NEUN.svs,Neuron,Layer1 Region_6974,16152.2,9921.9,Layer1,31.961226509631175
A22-313CD34NEUN.svs,Neuron,Layer1 Region_6974,16175.0,9925.9,Layer1,19.645101170522114
A22-313CD34NEUN.svs,Neuron,Layer1 Region_6974,16159.9,9924.7,Layer1,28.85550207499508
A22-313CD34NEUN.svs,Neuron,Layer1 Region_6975,16282.6,1360.4,Layer1,29.498474536829747
A22-313CD34NEUN.svs,Neuron,Layer1 Region_6976,16290.6,8311.2,Layer1,22.389506470667207
A22-313CD34NEUN.svs,Neuron,Layer1 Region_6978,16304.7,8557.5,Layer1,29.261749776799768
A22-313CD34NEUN.svs,Neuron,Layer1 Region_6979,16240.5,9971.0,Layer1,65.32786541744552
A22-313CD34NEUN.svs,Neuron,Layer1 Region_6979,16241.6,9998.0,Layer1,71.22990944820906
A22-313CD34NEUN.svs,Neuron,Layer1 Region_6985,16455.1,8434.6,Layer1,37.79867722553413
A22-313CD34NEUN.svs,Neuron,Layer1 Region_6986,16423.7,10014.4,Layer1,68.9928257139834
A22-313CD34NEUN.svs,Neuron,Layer1 Region_6986,16419.2,10037.9,Layer1,49.73178058344742
A22-313CD34NEUN.svs,Neuron,Layer1 Region_6987,16560.2,8244.1,Layer1,38.22786941486686
A22-313CD34NEUN.svs,Neuron,Layer1 Region_6988,16609.0,8353.1,Layer1,52.6540596725451
A22-313CD34NEUN.svs,Neuron,Layer1 Region_6988,16580.7,8357.0,Layer1,25.228753437298863
A22-313CD34NEUN.svs,Neuron,Layer1 Region_6990,16617.7,8125.4,Layer1,55.41091950148235
A22-313CD34NEUN.svs,Neuron,Layer1 Region_6992,16620.7,9912.2,Layer1,101.32176469051267
A22-313CD34NEUN.svs,Neuron,Layer1 Region_6992,16643.1,9917.6,Layer1,89.23866874847401
A22-313CD34NEUN.svs,Neuron,Layer1 Region_6992,16621.6,9918.5,Layer1,95.21008349959544
A22-313CD34NEUN.svs,Neuron,Layer1 Region_6992,16619.7,9925.3,Layer1,89.95426615786421
A22-313CD34NEUN.svs,Neuron,Layer1 Region_6992,16630.4,9930.3,Layer1,80.86161017442005
A22-313CD34NEUN.svs,Neuron,Layer1 Region_6992,16677.5,9964.5,Layer1,43.416241200730596
A22-313CD34NEUN.svs,Neuron,Layer1 Region_6996,16762.1,9992.8,Layer1,23.01390883791797
A22-313CD34NEUN.svs,Neuron,Layer1 Region_6996,16799.1,10007.0,Layer1,20.518284528683193
A22-313CD34NEUN.svs,Neuron,Layer1 Region_7001,16918.7,8112.0,Layer1,11.449017425089536
A22-313CD34NEUN.svs,Neuron,Layer1 Region_7001,16984.8,8116.5,Layer1,61.16616711875718
A22-313CD34NEUN.svs,Neuron,Layer1 Region_7003,17077.5,1022.3,Layer1,20.646065000382123
A22-313CD34NEUN.svs,Neuron,Layer1 Region_7003,17071.4,1036.3,Layer1,13.014222988713822
A22-313CD34NEUN.svs,Neuron,Layer1 Region_7003,17049.0,1041.9,Layer1,34.00132350365203
A22-313CD34NEUN.svs,Neuron,Layer1 Region_7004,17029.2,7924.4,Layer1,15.983116091676596
A22-313CD34NEUN.svs,Neuron,Layer1 Region_7004,17018.1,8002.6,Layer1,37.84507894033471
A22-313CD34NEUN.svs,Neuron,Layer1 Region_7009,17118.3,7948.4,Layer1,8.023091673415212
A22-313CD34NEUN.svs,Neuron,Layer1 Region_7011,17285.5,1003.8,Layer1,15.55538491970033
A22-313CD34NEUN.svs,Neuron,Layer1 Region_7011,17312.6,1023.3,Layer1,17.681911661354928
A22-313CD34NEUN.svs,Neuron,Layer1 Region_7011,17286.1,1080.0,Layer1,69.21278783577525
A22-313CD34NEUN.svs,Neuron,Layer1 Region_7015,17326.4,7799.5,Layer1,7.324616030893063
A22-313CD34NEUN.svs,Neuron,Layer1 Region_7021,17532.9,7638.0,Layer1,26.185874054535553
A22-313CD34NEUN.svs,Neuron,Layer1 Region_7022,17549.2,9479.4,Layer1,39.66824926814684
A22-313CD34NEUN.svs,Neuron,Layer1 Region_7023,17700.2,7534.1,Layer1,42.32115310338389
A22-313CD34NEUN.svs,Neuron,Layer1 Region_7023,17669.6,7548.7,Layer1,14.948244044034045
A22-313CD34NEUN.svs,Neuron,Layer1 Region_7024,17627.8,7681.4,Layer1,33.082926110004536
A22-313CD34NEUN.svs,Neuron,Layer1 Region_7024,17619.0,7688.8,Layer1,44.38423143414815
A22-313CD34NEUN.svs,Neuron,Layer1 Region_7027,17811.6,7523.9,Layer1,45.150858242117934
A22-313CD34NEUN.svs,Neuron,Layer1 Region_7031,17826.5,7465.4,Layer1,17.588916964954073
A22-313CD34NEUN.svs,Neuron,Layer1 Region_7032,17839.2,7601.2,Layer1,67.80117993073571
A22-313CD34NEUN.svs,Neuron,Layer1 Region_7033,17818.4,7657.2,Layer1,31.15846594426888
A22-313CD34NEUN.svs,Neuron,Layer1 Region_7033,17907.0,7699.6,Layer1,25.752863918407133
A22-313CD34NEUN.svs,Neuron,Layer1 Region_7034,17909.7,9126.5,Layer1,42.57628447856911
A22-313CD34NEUN.svs,Neuron,Layer1 Region_7035,17957.4,912.0,Layer1,65.3000191424197
A22-313CD34NEUN.svs,Neuron,Layer1 Region_7041,18000.0,9094.1,Layer1,45.538774687073364
A22-313CD34NEUN.svs,Neuron,Layer1 Region_7042,18072.6,919.12,Layer1,20.148141353485236
A22-313CD34NEUN.svs,Neuron,Layer1 Region_7043,18063.9,7460.3,Layer1,64.7173083494652
A22-313CD34NEUN.svs,Neuron,Layer1 Region_7047,18018.3,7823.6,Layer1,86.40705989674787
A22-313CD34NEUN.svs,Neuron,Layer1 Region_7048,18018.6,7910.8,Layer1,101.71656698886342
A22-313CD34NEUN.svs,Neuron,Layer1 Region_7049,18092.0,8099.8,Layer1,55.895080284403925
A22-313CD34NEUN.svs,Neuron,Layer1 Region_7053,18154.4,961.93,Layer1,47.190220385161176
A22-313CD34NEUN.svs,Neuron,Layer1 Region_7053,18212.1,971.01,Layer1,31.207052087628853
A22-313CD34NEUN.svs,Neuron,Layer1 Region_7063,18154.6,8472.8,Layer1,86.92122870737596
A22-313CD34NEUN.svs,Neuron,Layer1 Region_7063,18127.6,8493.1,Layer1,65.46395955027438
A22-313CD34NEUN.svs,Neuron,Layer1 Region_7065,18119.3,8690.2,Layer1,35.48098082071565
A22-313CD34NEUN.svs,Neuron,Layer1 Region_7066,18186.9,8731.3,Layer1,37.83186487605389
A22-313CD34NEUN.svs,Neuron,Layer1 Region_7067,18306.9,919.22,Layer1,22.264994947223116
A22-313CD34NEUN.svs,Neuron,Layer1 Region_7068,18325.9,926.15,Layer1,9.204178398965402
A22-313CD34NEUN.svs,Neuron,Layer1 Region_7068,18322.6,934.08,Layer1,17.78998594715583
A22-313CD34NEUN.svs,Neuron,Layer1 Region_7068,18376.0,939.21,Layer1,33.18039179997751
A22-313CD34NEUN.svs,Neuron,Layer1 Region_7068,18406.8,947.75,Layer1,27.6121784725499
A22-313CD34NEUN.svs,Neuron,Layer1 Region_7068,18321.4,996.69,Layer1,41.00588372416692
A22-313CD34NEUN.svs,Neuron,Layer1 Region_7069,18437.7,904.38,Layer1,31.652489633518552
A22-313CD34NEUN.svs,Neuron,Layer1 Region_7069,18427.5,907.08,Layer1,31.690000000000254
A22-313CD34NEUN.svs,Neuron,Layer1 Region_7069,18514.2,968.58,Layer1,14.217063691212122
A22-313CD34NEUN.svs,Neuron,Layer1 Region_7070,18528.0,904.88,Layer1,45.918494095517175
A22-313CD34NEUN.svs,Neuron,Layer1 Region_7070,18542.4,997.68,Layer1,45.25670005645571
A22-313CD34NEUN.svs,Neuron,Layer1 Region_7071,18682.4,940.34,Layer1,40.78049043353938
A22-313CD34NEUN.svs,Neuron,Layer1 Region_7073,18876.6,905.03,Layer1,102.2731289244638
A22-313CD34NEUN.svs,Neuron,Layer1 Region_7073,18889.6,904.72,Layer1,103.50408880812374
A22-313CD34NEUN.svs,Neuron,Layer1 Region_7073,18910.5,984.17,Layer1,41.70236084444201
A22-313CD34NEUN.svs,Neuron,Layer1 Region_7075,19105.2,930.0,Layer1,41.04655893007148
A22-313CD34NEUN.svs,Neuron,Layer1 Region_7075,19027.9,951.5,Layer1,49.44518277850753
A22-313CD34NEUN.svs,Neuron,Layer1 Region_7076,20145.5,1072.6,Layer1,27.798201380664263
A22-313CD34NEUN.svs,Neuron,Layer1 Region_7077,20622.2,1175.0,Layer1,74.08346644157434
A22-313CD34NEUN.svs,Neuron,Layer1 Region_7077,20632.3,1181.9,Layer1,77.34662242140884
A22-313CD34NEUN.svs,Neuron,Layer1 Region_7077,20694.3,1198.4,Layer1,73.60923855060713
A22-314CD34NEUN.svs,Neuron,Layer1,10996.4,13145.0,Layer1,24.661711213945395
A22-314CD34NEUN.svs,Neuron,Layer1,10969.7,13171.6,Layer1,29.10429521565539
A22-314CD34NEUN.svs,Neuron,Layer1,11014.3,13192.8,Layer1,35.788266233500956
A22-314CD34NEUN.svs,Neuron,Layer1,11273.4,13409.2,Layer1,12.298373876247217
A22-314CD34NEUN.svs,Neuron,Layer1,11195.0,13435.5,Layer1,29.320982248212704
A22-314CD34NEUN.svs,Neuron,Layer1,11387.1,13563.4,Layer1,50.846042127189726
A22-314CD34NEUN.svs,Neuron,Layer1,11358.4,13584.3,Layer1,43.52217825430963
A22-314CD34NEUN.svs,Neuron,Layer1,11558.1,13583.0,Layer1,68.24199586764736
A22-314CD34NEUN.svs,Neuron,Layer1,11775.9,13814.4,Layer1,28.058866691296544
A22-314CD34NEUN.svs,Neuron,Layer1,11846.1,13835.3,Layer1,11.400438588054048
A22-314CD34NEUN.svs,Neuron,Layer1,11845.3,13852.2,Layer1,19.8645412733344
A22-314CD34NEUN.svs,Neuron,Layer1,11872.6,13859.1,Layer1,3.3837848631369196
A22-314CD34NEUN.svs,Neuron,Layer1,11880.1,13858.8,Layer1,5.189412298132616
A22-314CD34NEUN.svs,Neuron,Layer1,11850.8,13863.5,Layer1,24.726706210088274
A22-314CD34NEUN.svs,Neuron,Layer1,11662.0,13861.7,Layer1,57.81695253124334
A22-314CD34NEUN.svs,Neuron,Layer1,11865.4,13867.7,Layer1,12.037026210821749
A22-314CD34NEUN.svs,Neuron,Layer1,11890.6,13869.9,Layer1,17.613914953808983
A22-314CD34NEUN.svs,Neuron,Layer1,11899.4,13873.7,Layer1,18.911372240004496
A22-314CD34NEUN.svs,Neuron,Layer1,11893.5,13881.4,Layer1,27.272146963523028
A22-314CD34NEUN.svs,Neuron,Layer1,11875.2,13880.2,Layer1,19.2010416384119
A22-314CD34NEUN.svs,Neuron,Layer1,11869.5,13885.7,Layer1,17.74063133036657
A22-314CD34NEUN.svs,Neuron,Layer1,11756.7,13897.8,Layer1,50.8393548346162
A22-314CD34NEUN.svs,Neuron,Layer1,11845.7,13904.7,Layer1,18.233211456020317
A22-314CD34NEUN.svs,Neuron,Layer1,11764.1,13939.0,Layer1,24.534465553583964
A22-314CD34NEUN.svs,Neuron,Layer1,11855.0,13840.2,Layer1,20.859769893265383
A22-314CD34NEUN.svs,Neuron,Layer1,11877.6,13850.1,Layer1,11.119802156513185
A22-314CD34NEUN.svs,Neuron,Layer1,11890.2,13854.0,Layer1,16.371927192607238
A22-314CD34NEUN.svs,Neuron,Layer1,11861.1,13858.3,Layer1,14.552662986545904
A22-314CD34NEUN.svs,Neuron,Layer1,11916.6,13863.2,Layer1,4.767598976422889
A22-314CD34NEUN.svs,Neuron,Layer1,11904.1,13864.1,Layer1,13.832208789632086
A22-314CD34NEUN.svs,Neuron,Layer1,11908.8,13871.7,Layer1,9.4021274188353
A22-314CD34NEUN.svs,Neuron,Layer1,11920.4,13873.6,Layer1,6.441273166075811
A22-314CD34NEUN.svs,Neuron,Layer1,11887.9,13880.3,Layer1,22.994347131414102
A22-314CD34NEUN.svs,Neuron,Layer1,11905.5,13881.1,Layer1,17.77216925420222
A22-314CD34NEUN.svs,Neuron,Layer1,11899.3,13884.6,Layer1,24.627220712050264
A22-314CD34NEUN.svs,Neuron,Layer1,11986.5,14009.6,Layer1,36.76098475286043
A22-314CD34NEUN.svs,Neuron,Layer1,12091.9,14076.0,Layer1,31.89263237802629
A22-314CD34NEUN.svs,Neuron,Layer1,12173.9,14256.8,Layer1,29.740544715926113
A22-314CD34NEUN.svs,Neuron,Layer1,12257.3,14288.0,Layer1,51.314130607465536
A22-314CD34NEUN.svs,Neuron,Layer1,12263.8,14304.8,Layer1,53.22602746777195
A22-314CD34NEUN.svs,Neuron,Layer1,12122.8,14335.8,Layer1,48.420037174706266
A22-314CD34NEUN.svs,Neuron,Layer1,12265.5,14341.8,Layer1,38.2687862363047
A22-314CD34NEUN.svs,Neuron,Layer1,12288.0,14384.1,Layer1,42.10380030353433
A22-314CD34NEUN.svs,Neuron,Layer1,12275.1,14398.7,Layer1,23.715395843206107
A22-314CD34NEUN.svs,Neuron,Layer1,12317.9,14405.0,Layer1,64.76055898461543
A22-314CD34NEUN.svs,Neuron,Layer1,12362.0,14450.0,Layer1,60.31260233151907
A22-314CD34NEUN.svs,Neuron,Layer1,12365.3,14504.0,Layer1,34.270687183073015
A22-314CD34NEUN.svs,Neuron,Layer1,12465.3,14513.2,Layer1,66.84556828990158
A22-314CD34NEUN.svs,Neuron,Layer1,12398.1,14533.7,Layer1,35.28809997718778
A22-314CD34NEUN.svs,Neuron,Layer1,12309.6,14532.6,Layer1,33.60907615511043
A22-314CD34NEUN.svs,Neuron,Layer1,12323.0,14564.7,Layer1,48.06516410041715
A22-314CD34NEUN.svs,Neuron,Layer1,12370.6,14606.5,Layer1,60.379632327466894
A22-314CD34NEUN.svs,Neuron,Layer1,12458.5,14651.5,Layer1,77.29113791373544
A22-314CD34NEUN.svs,Neuron,Layer1,12491.2,14694.7,Layer1,69.75528653801007
A22-314CD34NEUN.svs,Neuron,Layer1,12542.3,14754.1,Layer1,8.732124598285887
A22-314CD34NEUN.svs,Neuron,Layer1,12558.2,14758.6,Layer1,24.754191564258843
A22-314CD34NEUN.svs,Neuron,Layer1,12701.7,14771.4,Layer1,31.615502526450438
A22-314CD34NEUN.svs,Neuron,Layer1,12683.4,14822.3,Layer1,28.589508565205975
A22-314CD34NEUN.svs,Neuron,Layer1,12954.1,14914.3,Layer1,69.50870449087688
A22-314CD34NEUN.svs,Neuron,Layer1,13052.9,15002.7,Layer1,74.0341137584552
A22-314CD34NEUN.svs,Neuron,Layer1,12995.6,15016.0,Layer1,40.833319727889204
A22-314CD34NEUN.svs,Neuron,Layer1,13070.5,15023.8,Layer1,59.23546235153463
A22-314CD34NEUN.svs,Neuron,Layer1,13076.3,15032.7,Layer1,54.93022847212532
A22-314CD34NEUN.svs,Neuron,Layer1,13026.8,15061.5,Layer1,21.371476317747046
A22-314CD34NEUN.svs,Neuron,Layer1,13110.1,15072.8,Layer1,67.67569726275492
A22-314CD34NEUN.svs,Neuron,Layer1,13064.8,15070.5,Layer1,22.968238939891922
A22-314CD34NEUN.svs,Neuron,Layer1,13125.7,15083.6,Layer1,83.54639429682244
A22-314CD34NEUN.svs,Neuron,Layer1,13142.6,15097.1,Layer1,102.29965786844103
A22-314CD34NEUN.svs,Neuron,Layer1,13131.4,15099.8,Layer1,92.03070139904347
A22-314CD34NEUN.svs,Neuron,Layer1,13121.1,15107.3,Layer1,84.60289593152241
A22-314CD34NEUN.svs,Neuron,Layer1,13096.4,15113.2,Layer1,65.49083905402354
A22-314CD34NEUN.svs,Neuron,Layer1,13126.6,15115.2,Layer1,92.78712195127144
A22-314CD34NEUN.svs,Neuron,Layer1,13174.1,15128.0,Layer1,111.98732071087369
A22-314CD34NEUN.svs,Neuron,Layer1,13196.7,15146.2,Layer1,91.4008752693317
A22-314CD34NEUN.svs,Neuron,Layer1,13091.2,15147.6,Layer1,68.13882887165072
A22-314CD34NEUN.svs,Neuron,Layer1,13226.6,15212.5,Layer1,38.73318990220168
A22-314CD34NEUN.svs,Neuron,Layer1,13155.3,15272.5,Layer1,32.95603131446399
A22-314CD34NEUN.svs,Neuron,Layer1,13151.1,15281.2,Layer1,26.523951440160168
A22-314CD34NEUN.svs,Neuron,Layer1,13161.3,15307.9,Layer1,2.3086792761223776
A22-314CD34NEUN.svs,Neuron,Layer1,13264.3,15323.4,Layer1,43.923228478790655
A22-314CD34NEUN.svs,Neuron,Layer1,13420.0,15377.8,Layer1,67.44983320957962
A22-314CD34NEUN.svs,Neuron,Layer1,13269.0,15392.8,Layer1,40.43092875510005
A22-314CD34NEUN.svs,Neuron,Layer1,13683.5,15558.7,Layer1,85.36509825449876
A22-314CD34NEUN.svs,Neuron,Layer1,13506.7,15562.0,Layer1,8.82326470191245
A22-314CD34NEUN.svs,Neuron,Layer1,13458.2,15561.6,Layer1,43.929488956735916
A22-314CD34NEUN.svs,Neuron,Layer1,13603.3,15573.2,Layer1,55.127216508727884
A22-314CD34NEUN.svs,Neuron,Layer1,13710.9,15578.5,Layer1,62.50391987707652
A22-314CD34NEUN.svs,Neuron,Layer1,13727.2,15594.9,Layer1,48.66795660390978
A22-314CD34NEUN.svs,Neuron,Layer1,13535.2,15618.2,Layer1,71.75318808248319
A22-314CD34NEUN.svs,Neuron,Layer1,13823.2,15694.5,Layer1,10.33924562044921
A22-314CD34NEUN.svs,Neuron,Layer1,13816.6,15659.8,Layer1,31.262277588173895
A22-314CD34NEUN.svs,Neuron,Layer1,13873.5,15685.8,Layer1,42.638011210656096
A22-314CD34NEUN.svs,Neuron,Layer1,13878.5,15702.4,Layer1,49.84776825495815
A22-314CD34NEUN.svs,Neuron,Layer1,13881.6,15737.2,Layer1,70.92707522519247
A22-314CD34NEUN.svs,Neuron,Layer1,13873.0,15850.7,Layer1,72.15206164760643
A22-314CD34NEUN.svs,Neuron,Layer1,13864.4,15855.1,Layer1,69.5301373506477
A22-314CD34NEUN.svs,Neuron,Layer1,14105.7,15883.6,Layer1,68.80959235455607
A22-314CD34NEUN.svs,Neuron,Layer1,13909.1,15890.1,Layer1,40.493085829558034
A22-314CD34NEUN.svs,Neuron,Layer1,13996.6,15901.1,Layer1,38.505324307165786
A22-314CD34NEUN.svs,Neuron,Layer1,13917.5,15907.0,Layer1,26.451843035977905
A22-314CD34NEUN.svs,Neuron,Layer1,13972.8,15938.1,Layer1,39.634328554928175
A22-314CD34NEUN.svs,Neuron,Layer1,13996.3,15948.4,Layer1,46.076892256314444
A22-314CD34NEUN.svs,Neuron,Layer1,14024.0,15969.8,Layer1,52.08617858894867
A22-314CD34NEUN.svs,Neuron,Layer1,14416.8,16058.9,Layer1,31.236036880500905
A22-314CD34NEUN.svs,Neuron,Layer1,14434.2,16069.0,Layer1,21.718655575334264
A22-314CD34NEUN.svs,Neuron,Layer1,14491.2,16109.1,Layer1,15.942396306703584
A22-314CD34NEUN.svs,Neuron,Layer1,14359.3,16134.0,Layer1,37.972226692676834
A22-314CD34NEUN.svs,Neuron,Layer1,14405.6,16219.8,Layer1,29.7391997202346
A22-314CD34NEUN.svs,Neuron,Layer1,14494.8,16263.6,Layer1,52.4751369698078
A22-314CD34NEUN.svs,Neuron,Layer1,14685.8,16285.5,Layer1,2.701851217220586
A22-314CD34NEUN.svs,Neuron,Layer1,14768.3,16301.2,Layer1,2.601922366251915
A22-314CD34NEUN.svs,Neuron,Layer1,14582.3,16312.0,Layer1,41.780019147912114
A22-314CD34NEUN.svs,Neuron,Layer1,14654.3,16319.5,Layer1,43.67665280215551
A22-314CD34NEUN.svs,Neuron,Layer1,14775.1,16425.5,Layer1,51.60852642732617
A22-314CD34NEUN.svs,Neuron,Layer1,14782.1,16264.6,Layer1,36.6563773441951
A22-314CD34NEUN.svs,Neuron,Layer1,14875.2,16330.6,Layer1,48.381091347757284
A22-314CD34NEUN.svs,Neuron,Layer1,14892.5,16331.3,Layer1,63.51543119589162
A22-314CD34NEUN.svs,Neuron,Layer1,14905.2,16334.3,Layer1,74.47106820772854
A22-314CD34NEUN.svs,Neuron,Layer1,14931.8,16350.5,Layer1,67.95123251273517
A22-314CD34NEUN.svs,Neuron,Layer1,15032.5,16398.8,Layer1,65.60464922549369
A22-314CD34NEUN.svs,Neuron,Layer1,15061.9,16424.8,Layer1,84.07645330293084
A22-314CD34NEUN.svs,Neuron,Layer1,15055.4,16469.2,Layer1,61.02622387138036
A22-314CD34NEUN.svs,Neuron,Layer1,15150.5,16479.4,Layer1,69.55199493903761
A22-314CD34NEUN.svs,Neuron,Layer1,14993.5,16524.9,Layer1,12.747548783981962
A22-314CD34NEUN.svs,Neuron,Layer1,15088.7,16570.1,Layer1,40.1676486740257
A22-314CD34NEUN.svs,Neuron,Layer1,15332.3,16610.0,Layer1,51.21493922675414
A22-314CD34NEUN.svs,Neuron,Layer1,15169.9,16629.2,Layer1,48.51855315237615
A22-314CD34NEUN.svs,Neuron,Layer1,15176.6,16652.1,Layer1,31.750590545688567
A22-314CD34NEUN.svs,Neuron,Layer1,15432.1,16681.1,Layer1,38.494934731730176
A22-314CD34NEUN.svs,Neuron,Layer1,15189.8,16710.1,Layer1,26.28345487183925
A22-314CD34NEUN.svs,Neuron,Layer1,15195.4,16717.3,Layer1,26.51980392084337
A22-314CD34NEUN.svs,Neuron,Layer1,15205.5,16727.9,Layer1,31.532998588780853
A22-314CD34NEUN.svs,Neuron,Layer1,15397.4,16842.0,Layer1,11.645600027479679
A22-314CD34NEUN.svs,Neuron,Layer1,15705.5,16906.2,Layer1,8.01124210094693
A22-314CD34NEUN.svs,Neuron,Layer1,15641.6,17106.3,Layer1,21.382469455140345
A22-314CD34NEUN.svs,Neuron,Layer1,15793.4,17286.5,Layer1,23.65967032737457
A22-314CD34NEUN.svs,Neuron,Layer1,15832.4,17377.1,Layer1,21.828421839424518
A22-314CD34NEUN.svs,Neuron,Layer1,15838.4,17386.5,Layer1,32.58527274705379
A22-314CD34NEUN.svs,Neuron,Layer1,15996.4,17630.0,Layer1,23.991039994132144
A22-314CD34NEUN.svs,Neuron,Layer1,16106.4,17778.7,Layer1,40.83442175420137
A22-314CD34NEUN.svs,Neuron,Layer1,16171.6,17819.3,Layer1,35.43021309560472
A22-314CD34NEUN.svs,Neuron,Layer1,16115.1,17827.6,Layer1,70.43756100263374
A22-314CD34NEUN.svs,Neuron,Layer1,16199.9,17859.0,Layer1,39.09194290387716
A22-314CD34NEUN.svs,Neuron,Layer1,16231.2,17883.5,Layer1,14.603081866509113
A22-314CD34NEUN.svs,Neuron,Layer1,16194.7,17889.6,Layer1,25.78410362994984
A22-314CD34NEUN.svs,Neuron,Layer1,16430.5,17962.1,Layer1,46.495698725797176
A22-314CD34NEUN.svs,Neuron,Layer1,16438.5,17981.5,Layer1,25.96247291765503
A22-314CD34NEUN.svs,Neuron,Layer1,16443.5,17999.6,Layer1,7.981227975694285
A22-314CD34NEUN.svs,Neuron,Layer1,16444.5,18010.4,Layer1,4.384062043357109
A22-314CD34NEUN.svs,Neuron,Layer1,16447.2,18039.1,Layer1,14.831385639921903
A22-314CD34NEUN.svs,Neuron,Layer1,16269.2,18084.7,Layer1,35.714422856878805
A22-314CD34NEUN.svs,Neuron,Layer1,16449.5,18059.4,Layer1,9.276313923107017
A22-314CD34NEUN.svs,Neuron,Layer1,16209.2,18059.9,Layer1,39.5379564469394
A22-314CD34NEUN.svs,Neuron,Layer1,16443.8,18084.9,Layer1,31.722704802712645
A22-314CD34NEUN.svs,Neuron,Layer1,16472.3,18206.3,Layer1,6.020797289394154
A22-314CD34NEUN.svs,Neuron,Layer1,16536.9,18462.3,Layer1,18.09668477926338
A22-314CD34NEUN.svs,Neuron,Layer1,16561.2,18490.0,Layer1,19.44453650771799
A22-314CD34NEUN.svs,Neuron,Layer1,16701.4,19080.8,Layer1,58.27495173743345
A22-314CD34NEUN.svs,Neuron,Layer1,16588.7,19095.7,Layer1,4.837354648978227
A22-314CD34NEUN.svs,Neuron,Layer1,16560.4,19177.6,Layer1,26.475082624989266
A22-314CD34NEUN.svs,Neuron,Layer1,16706.5,19289.4,Layer1,43.60848541282171
A22-314CD34NEUN.svs,Neuron,Layer1,16702.8,19303.1,Layer1,55.13655774529293
A22-314CD34NEUN.svs,Neuron,Layer1,16623.1,19665.7,Layer1,45.891175622334636
A22-314CD34NEUN.svs,Neuron,Layer1,16556.9,19668.4,Layer1,18.506755523321747
A22-314CD34NEUN.svs,Neuron,Layer1,16630.0,19893.6,Layer1,70.40923234917562
A22-314CD34NEUN.svs,Neuron,Layer1,16570.5,19955.3,Layer1,3.8832975677886576
A22-314CD34NEUN.svs,Neuron,Layer1,16456.0,20096.6,Layer1,38.64194612076232
A22-314CD34NEUN.svs,Neuron,Layer1,16473.8,20337.4,Layer1,14.300349646074354
A22-314CD34NEUN.svs,Neuron,Layer1,16465.8,20338.6,Layer1,15.297712247263647
A22-314CD34NEUN.svs,Neuron,Layer1,16484.7,20362.0,Layer1,15.069505632235751
A22-314CD34NEUN.svs,Neuron,Layer1,16254.9,20429.8,Layer1,19.2169196282861
A22-314CD34NEUN.svs,Neuron,Layer1,16388.0,20578.0,Layer1,75.4539594719856
A22-314CD34NEUN.svs,Neuron,Layer1,16192.4,20783.0,Layer1,31.04834939251951
A22-314CD34NEUN.svs,Neuron,Layer1,16177.4,20965.9,Layer1,27.11180554666036
A22-314CD34NEUN.svs,Neuron,Layer1,16273.6,21010.0,Layer1,78.12656398434545
A22-314CD34NEUN.svs,Neuron,Layer1,16094.1,21067.5,Layer1,67.99823527121771
A22-314CD34NEUN.svs,Neuron,Layer1,15750.3,22028.3,Layer1,48.61038983592067
A22-314CD34NEUN.svs,Neuron,Layer1,16099.1,21129.5,Layer1,51.77219330876428
A22-314CD34NEUN.svs,Neuron,Layer1,15980.7,21299.3,Layer1,44.818857638274736
A22-314CD34NEUN.svs,Neuron,Layer1,16050.2,21297.6,Layer1,39.91453369388004
A22-314CD34NEUN.svs,Neuron,Layer1,15999.7,21327.1,Layer1,26.478104161741722
A22-314CD34NEUN.svs,Neuron,Layer1,16064.8,21371.0,Layer1,34.70705980056581
A22-314CD34NEUN.svs,Neuron,Layer1,16009.1,21382.9,Layer1,22.36716343213889
A22-314CD34NEUN.svs,Neuron,Layer1,15989.8,21446.0,Layer1,43.66886762900872
A22-314CD34NEUN.svs,Neuron,Layer1,15979.9,21460.5,Layer1,52.07043306906603
A22-314CD34NEUN.svs,Neuron,Layer1,15962.6,21471.2,Layer1,47.25727457228146
A22-314CD34NEUN.svs,Neuron,Layer1,15954.6,21558.2,Layer1,23.906902768865358
A22-314CD34NEUN.svs,Neuron,Layer1,15918.4,21577.6,Layer1,57.142803571404
A22-314CD34NEUN.svs,Neuron,Layer1,15915.2,21595.5,Layer1,64.8337103673684
A22-314CD34NEUN.svs,Neuron,Layer1,15973.9,21661.8,Layer1,60.343350917895215
A22-314CD34NEUN.svs,Neuron,Layer1,15928.4,21689.7,Layer1,66.06239474920604
A22-314CD34NEUN.svs,Neuron,Layer1,15922.3,21730.3,Layer1,48.41332461213597
A22-314CD34NEUN.svs,Neuron,Layer1,16014.3,21825.6,Layer1,42.35398446427476
A22-314CD34NEUN.svs,Neuron,Layer1,15842.8,21841.2,Layer1,49.131863388233825
A22-314CD34NEUN.svs,Neuron,Layer1,15819.7,21885.6,Layer1,60.26508110008954
A22-314CD34NEUN.svs,Neuron,Layer1,14772.1,22992.6,Layer1,102.22235567624175
A22-314CD34NEUN.svs,Neuron,Layer1,14751.1,23007.1,Layer1,100.87318771606377
A22-314CD34NEUN.svs,Neuron,Layer1,14683.4,23091.6,Layer1,90.9682362146259
A22-314CD34NEUN.svs,Neuron,Layer1,15695.4,22173.4,Layer1,26.305892875931065
A22-314CD34NEUN.svs,Neuron,Layer1,15780.1,22175.4,Layer1,67.9100139891009
A22-314CD34NEUN.svs,Neuron,Layer1,15581.8,22355.7,Layer1,31.820905078267266
A22-314CD34NEUN.svs,Neuron,Layer1,15619.3,22377.9,Layer1,44.30361159093026
A22-314CD34NEUN.svs,Neuron,Layer1,15567.7,22423.9,Layer1,44.737121051760475
A22-314CD34NEUN.svs,Neuron,Layer1,15463.5,22467.9,Layer1,48.73951169225797
A22-314CD34NEUN.svs,Neuron,Layer1,15437.3,22485.3,Layer1,25.443663258264664
A22-314CD34NEUN.svs,Neuron,Layer1,15636.6,22494.3,Layer1,6.484597134748268
A22-314CD34NEUN.svs,Neuron,Layer1,15497.9,22502.7,Layer1,40.093515685208004
A22-314CD34NEUN.svs,Neuron,Layer1,15657.9,22519.0,Layer1,17.377284022538227
A22-314CD34NEUN.svs,Neuron,Layer1,15392.2,22515.7,Layer1,48.07130120976499
A22-314CD34NEUN.svs,Neuron,Layer1,15465.2,22520.5,Layer1,27.07489612168559
A22-314CD34NEUN.svs,Neuron,Layer1,15399.2,22536.9,Layer1,48.54204363229976
A22-314CD34NEUN.svs,Neuron,Layer1,15451.1,22551.5,Layer1,42.37947616476786
A22-314CD34NEUN.svs,Neuron,Layer1,15292.8,22601.9,Layer1,28.48104632909327
A22-314CD34NEUN.svs,Neuron,Layer1,15370.9,22612.3,Layer1,43.34616476690831
A22-314CD34NEUN.svs,Neuron,Layer1,15291.0,22653.6,Layer1,28.80277764383055
A22-314CD34NEUN.svs,Neuron,Layer1,15295.7,22671.5,Layer1,44.32268042436062
A22-314CD34NEUN.svs,Neuron,Layer1,15407.6,22683.6,Layer1,0.8062257748296293
A22-314CD34NEUN.svs,Neuron,Layer1,15201.0,22709.7,Layer1,28.683270385364835
A22-314CD34NEUN.svs,Neuron,Layer1,15245.5,22712.3,Layer1,38.34162229223058
A22-314CD34NEUN.svs,Neuron,Layer1,15290.8,22720.7,Layer1,55.71759147701962
A22-314CD34NEUN.svs,Neuron,Layer1,15461.9,22735.8,Layer1,32.57759966602875
A22-314CD34NEUN.svs,Neuron,Layer1,15152.7,22739.9,Layer1,35.46857764275139
A22-314CD34NEUN.svs,Neuron,Layer1,15082.3,22776.8,Layer1,98.3183604419846
A22-314CD34NEUN.svs,Neuron,Layer1,15154.5,22786.4,Layer1,35.866000613396054
A22-314CD34NEUN.svs,Neuron,Layer1,15057.8,22794.5,Layer1,103.9280520360115
A22-314CD34NEUN.svs,Neuron,Layer1,15121.1,22795.4,Layer1,62.77021586707899
A22-314CD34NEUN.svs,Neuron,Layer1,15224.8,22800.7,Layer1,50.912670328711485
A22-314CD34NEUN.svs,Neuron,Layer1,15109.4,22807.9,Layer1,57.170971655200795
A22-314CD34NEUN.svs,Neuron,Layer1,15022.7,22817.1,Layer1,99.92997548283671
A22-314CD34NEUN.svs,Neuron,Layer1,15085.5,22826.3,Layer1,63.77530870172183
A22-314CD34NEUN.svs,Neuron,Layer1,14952.5,22894.4,Layer1,23.03410514867175
A22-314CD34NEUN.svs,Neuron,Layer1,15019.3,22913.6,Layer1,38.39283787375064
A22-314CD34NEUN.svs,Neuron,Layer1,15091.9,22922.9,Layer1,38.29072994864264
A22-314CD34NEUN.svs,Neuron,Layer1,15007.3,22922.9,Layer1,47.37615433949971
A22-314CD34NEUN.svs,Neuron,Layer1,15071.0,22937.5,Layer1,18.564751546950436
A22-314CD34NEUN.svs,Neuron,Layer1,15155.6,22954.3,Layer1,1.2083045973597883
A22-314CD34NEUN.svs,Neuron,Layer1,14998.5,22958.9,Layer1,35.396186235242226
A22-314CD34NEUN.svs,Neuron,Layer1,15041.1,22960.0,Layer1,33.10241683019682
A22-314CD34NEUN.svs,Neuron,Layer1,14965.3,22986.5,Layer1,15.600320509526536
A22-314CD34NEUN.svs,Neuron,Layer1,14846.6,22987.1,Layer1,27.604528613979628
A22-314CD34NEUN.svs,Neuron,Layer1,14933.8,23003.3,Layer1,45.11895388858157
A22-314CD34NEUN.svs,Neuron,Layer1,14869.0,23022.5,Layer1,35.285266046894264
A22-314CD34NEUN.svs,Neuron,Layer1,14938.0,23031.9,Layer1,66.78952013602164
A22-314CD34NEUN.svs,Neuron,Layer1,14838.3,23048.7,Layer1,70.86621197722064
A22-314CD34NEUN.svs,Neuron,Layer1,15852.8,22293.2,Layer1,28.2837409124044
A22-314CD34NEUN.svs,Neuron,Layer1,15880.6,22323.7,Layer1,69.44724616570568
A22-314CD34NEUN.svs,Neuron,Layer1,15872.2,22349.7,Layer1,87.18004358796932
A22-314CD34NEUN.svs,Neuron,Layer1,15787.4,22563.5,Layer1,150.41200085099567
A22-314CD34NEUN.svs,Neuron,Layer1,11729.8,23848.5,Layer1,44.27414595449421
A22-314CD34NEUN.svs,Neuron,Layer1,11399.1,23851.4,Layer1,51.684136831331756
A22-314CD34NEUN.svs,Neuron,Layer1,11809.2,23958.9,Layer1,64.6313391475086
A22-314CD34NEUN.svs,Neuron,Layer1,11573.5,23957.4,Layer1,32.75026717447998
A22-314CD34NEUN.svs,Neuron,Layer1,11546.7,23979.4,Layer1,7.479304780524622
A22-314CD34NEUN.svs,Neuron,Layer1,11544.7,23994.3,Layer1,14.060227594175576
A22-314CD34NEUN.svs,Neuron,Layer1,11553.7,24008.3,Layer1,4.617358552246252
A22-314CD34NEUN.svs,Neuron,Layer1,11552.0,24015.1,Layer1,7.762087348127176
A22-314CD34NEUN.svs,Neuron,Layer1,11692.9,24042.6,Layer1,124.56973950361882
A22-314CD34NEUN.svs,Neuron,Layer1,11860.9,24074.1,Layer1,137.57895914710147
A22-314CD34NEUN.svs,Neuron,Layer1,11504.3,24077.4,Layer1,82.6879072174408
A22-314CD34NEUN.svs,Neuron,Layer1,12797.5,23777.0,Layer1,89.98577665386847
A22-314CD34NEUN.svs,Neuron,Layer1,12702.9,23792.4,Layer1,34.842789784976794
A22-314CD34NEUN.svs,Neuron,Layer1,12843.5,23793.2,Layer1,47.61386352733735
A22-314CD34NEUN.svs,Neuron,Layer1,12666.4,23812.0,Layer1,36.933047531987235
A22-314CD34NEUN.svs,Neuron,Layer1,12497.6,23814.5,Layer1,129.18761550551125
A22-314CD34NEUN.svs,Neuron,Layer1,12383.6,23818.8,Layer1,29.676927064641845
A22-314CD34NEUN.svs,Neuron,Layer1,11950.3,23820.2,Layer1,52.69772291095749
A22-314CD34NEUN.svs,Neuron,Layer1,12315.7,23820.9,Layer1,34.10131962256063
A22-314CD34NEUN.svs,Neuron,Layer1,12664.8,23843.5,Layer1,22.884929538889207
A22-314CD34NEUN.svs,Neuron,Layer1,12340.4,23848.7,Layer1,31.89811906680501
A22-314CD34NEUN.svs,Neuron,Layer1,12288.2,23863.4,Layer1,10.988175462742465
A22-314CD34NEUN.svs,Neuron,Layer1,12443.8,23890.7,Layer1,82.68736300064228
A22-314CD34NEUN.svs,Neuron,Layer1,12082.3,23895.2,Layer1,39.89999999999782
A22-314CD34NEUN.svs,Neuron,Layer1,12268.7,23902.1,Layer1,37.8714932369982
A22-314CD34NEUN.svs,Neuron,Layer1,12865.6,23918.5,Layer1,32.82986445296342
A22-314CD34NEUN.svs,Neuron,Layer1,12696.3,23951.0,Layer1,106.12191102689455
A22-314CD34NEUN.svs,Neuron,Layer1,12829.2,23955.3,Layer1,58.20309270133478
A22-314CD34NEUN.svs,Neuron,Layer1,12024.0,23957.7,Layer1,58.13028470599431
A22-314CD34NEUN.svs,Neuron,Layer1,12702.2,23960.0,Layer1,104.79203213985251
A22-314CD34NEUN.svs,Neuron,Layer1,12692.1,23959.2,Layer1,113.37063111758704
A22-314CD34NEUN.svs,Neuron,Layer1,12437.2,23962.6,Layer1,72.47406432648837
A22-314CD34NEUN.svs,Neuron,Layer1,12595.0,23975.5,Layer1,88.09562985755903
A22-314CD34NEUN.svs,Neuron,Layer1,12575.1,23979.9,Layer1,72.08307707083685
A22-314CD34NEUN.svs,Neuron,Layer1,12016.3,23985.6,Layer1,39.99962499824422
A22-314CD34NEUN.svs,Neuron,Layer1,11984.0,24009.3,Layer1,1.7204650534097095
A22-314CD34NEUN.svs,Neuron,Layer1,12585.7,24011.3,Layer1,99.54541677043754
A22-314CD34NEUN.svs,Neuron,Layer1,12719.2,24014.3,Layer1,128.96588696240542
A22-314CD34NEUN.svs,Neuron,Layer1,12481.9,24024.1,Layer1,84.78873745964094
A22-314CD34NEUN.svs,Neuron,Layer1,12526.2,24022.3,Layer1,80.09519336389681
A22-314CD34NEUN.svs,Neuron,Layer1,12731.3,24025.3,Layer1,131.9419948310627
A22-314CD34NEUN.svs,Neuron,Layer1,12227.2,24034.4,Layer1,67.67407184439526
A22-314CD34NEUN.svs,Neuron,Layer1,12116.5,24040.8,Layer1,53.66460658571928
A22-314CD34NEUN.svs,Neuron,Layer1,12075.1,24063.5,Layer1,41.617304093369626
A22-314CD34NEUN.svs,Neuron,Layer1,13786.7,23493.9,Layer1,72.88271399995767
A22-314CD34NEUN.svs,Neuron,Layer1,13761.3,23503.3,Layer1,55.550427541108036
A22-314CD34NEUN.svs,Neuron,Layer1,13516.4,23591.3,Layer1,68.6236110970583
A22-314CD34NEUN.svs,Neuron,Layer1,13718.6,23601.5,Layer1,48.40867690817363
A22-314CD34NEUN.svs,Neuron,Layer1,13489.5,23602.0,Layer1,64.62275141155946
A22-314CD34NEUN.svs,Neuron,Layer1,13510.6,23604.7,Layer1,55.72073222778113
A22-314CD34NEUN.svs,Neuron,Layer1,13722.3,23626.6,Layer1,47.1021230943998
A22-314CD34NEUN.svs,Neuron,Layer1,13490.9,23679.4,Layer1,33.54906854146713
A22-314CD34NEUN.svs,Neuron,Layer1,13807.1,23682.8,Layer1,107.78427529097263
A22-314CD34NEUN.svs,Neuron,Layer1,13730.0,23717.8,Layer1,76.25483591222148
A22-314CD34NEUN.svs,Neuron,Layer1,13648.7,23726.5,Layer1,73.05080423923967
A22-314CD34NEUN.svs,Neuron,Layer1,13604.6,23728.3,Layer1,52.46074723066747
A22-314CD34NEUN.svs,Neuron,Layer1,13596.2,23732.5,Layer1,51.56442572161597
A22-314CD34NEUN.svs,Neuron,Layer1,13566.5,23772.8,Layer1,86.53698631221144
A22-314CD34NEUN.svs,Neuron,Layer1,13547.9,23792.6,Layer1,109.00555031740215
A22-314CD34NEUN.svs,Neuron,Layer1,13487.2,23802.8,Layer1,115.01721610263354
A22-314CD34NEUN.svs,Neuron,Layer1,12970.1,23812.8,Layer1,48.855398882825
A22-314CD34NEUN.svs,Neuron,Layer1,12853.3,23819.6,Layer1,20.15341162185809
A22-314CD34NEUN.svs,Neuron,Layer1,13016.3,23838.3,Layer1,60.555594291525914
A22-314CD34NEUN.svs,Neuron,Layer1,13156.9,23881.7,Layer1,79.58253577261686
A22-314CD34NEUN.svs,Neuron,Layer1,13012.6,23898.8,Layer1,65.00769185258075
A22-314CD34NEUN.svs,Neuron,Layer1,12873.8,23923.9,Layer1,31.341346493092207
A22-314CD34NEUN.svs,Neuron,Layer1,12847.7,23933.3,Layer1,56.05577579518308
A22-314CD34NEUN.svs,Neuron,Layer1,14670.4,23057.5,Layer1,113.54474888782804
A22-314CD34NEUN.svs,Neuron,Layer1,14714.4,23105.0,Layer1,58.902122202854095
A22-314CD34NEUN.svs,Neuron,Layer1,14592.6,23108.1,Layer1,135.7119375736724
A22-314CD34NEUN.svs,Neuron,Layer1,14509.0,23125.6,Layer1,65.34049280499902
A22-314CD34NEUN.svs,Neuron,Layer1,14642.5,23169.2,Layer1,77.78560278097578
A22-314CD34NEUN.svs,Neuron,Layer1,14671.5,23188.2,Layer1,45.965748117483265
A22-314CD34NEUN.svs,Neuron,Layer1,14418.6,23199.0,Layer1,31.749803148997337
A22-314CD34NEUN.svs,Neuron,Layer1,14480.9,23218.0,Layer1,33.70534082308098
A22-314CD34NEUN.svs,Neuron,Layer1,14408.0,23217.9,Layer1,19.757024067403922
A22-314CD34NEUN.svs,Neuron,Layer1,14537.5,23233.5,Layer1,75.44852549917827
A22-314CD34NEUN.svs,Neuron,Layer1,14368.1,23235.2,Layer1,55.40830262695179
A22-314CD34NEUN.svs,Neuron,Layer1,14412.2,23245.1,Layer1,18.420097719607302
A22-314CD34NEUN.svs,Neuron,Layer1,14323.6,23275.7,Layer1,109.50881243077981
A22-314CD34NEUN.svs,Neuron,Layer1,14167.2,23287.5,Layer1,56.69647255341471
A22-314CD34NEUN.svs,Neuron,Layer1,14807.3,23303.6,Layer1,131.11254707311676
A22-314CD34NEUN.svs,Neuron,Layer1,14705.0,23306.7,Layer1,61.07086048190082
A22-314CD34NEUN.svs,Neuron,Layer1,14143.6,23310.2,Layer1,26.240807914392228
A22-314CD34NEUN.svs,Neuron,Layer1,14340.7,23346.4,Layer1,83.1026473705848
A22-314CD34NEUN.svs,Neuron,Layer1,14221.0,23351.0,Layer1,44.84027207767622
A22-314CD34NEUN.svs,Neuron,Layer1,14091.5,23390.6,Layer1,11.93314711214299
A22-314CD34NEUN.svs,Neuron,Layer1,14713.9,23394.9,Layer1,0.6999999999989086
A22-314CD34NEUN.svs,Neuron,Layer1,14592.0,23430.0,Layer1,50.808365452945395
A22-314CD34NEUN.svs,Neuron,Layer1,14415.7,23483.2,Layer1,73.14560820719156
A22-314CD34NEUN.svs,Neuron,Layer1,14078.0,23494.7,Layer1,58.56184764844843
A22-314CD34NEUN.svs,Neuron,Layer1,14033.4,23571.0,Layer1,83.90947503113036
A22-314CD34NEUN.svs,Neuron,Layer1,13903.2,23608.0,Layer1,70.93348997476498
A22-314CD34NEUN.svs,Neuron,Layer1,14007.5,23611.0,Layer1,123.41446430625466
A22-314CD34NEUN.svs,Neuron,Layer1,13867.5,23619.3,Layer1,49.34146329406957
A22-314CD34NEUN.svs,Neuron,Layer1,13893.8,23666.3,Layer1,102.99635915895263
A22-314CD34NEUN.svs,Neuron,Layer1,13844.1,23674.1,Layer1,94.68400076042413
A22-314CD34NEUN.svs,Neuron,Layer1,15035.8,23127.8,Layer1,112.86828606831948
A22-314CD34NEUN.svs,Neuron,Layer1,14830.2,23146.7,Layer1,70.24991103197374
A22-314CD34NEUN.svs,Neuron,Layer1,14848.2,23293.4,Layer1,162.10851303987832
A22-314CD34NEUN.svs,Neuron,Layer1,10671.9,7256.3,Layer1,43.972377693274936
A22-314CD34NEUN.svs,Neuron,Layer1,10599.4,7260.5,Layer1,30.641475160311323
A22-314CD34NEUN.svs,Neuron,Layer1,10565.3,7290.1,Layer1,26.755560169803793
A22-314CD34NEUN.svs,Neuron,Layer1,10529.3,7308.8,Layer1,14.920120642944136
A22-314CD34NEUN.svs,Neuron,Layer1,10460.9,7318.8,Layer1,64.71166819051973
A22-314CD34NEUN.svs,Neuron,Layer1,10746.6,7352.2,Layer1,45.97586323278817
A22-314CD34NEUN.svs,Neuron,Layer1,10392.6,7362.1,Layer1,67.9259891352343
A22-314CD34NEUN.svs,Neuron,Layer1,10582.6,7370.5,Layer1,84.01862888669464
A22-314CD34NEUN.svs,Neuron,Layer1,10145.6,7542.8,Layer1,14.244297104455823
A22-314CD34NEUN.svs,Neuron,Layer1,10066.3,7546.2,Layer1,76.05609771740923
A22-314CD34NEUN.svs,Neuron,Layer1,10254.7,7563.9,Layer1,41.36967488390499
A22-314CD34NEUN.svs,Neuron,Layer1,10376.0,7570.5,Layer1,25.06970283030838
A22-314CD34NEUN.svs,Neuron,Layer1,10017.5,7587.0,Layer1,64.04014366005113
A22-314CD34NEUN.svs,Neuron,Layer1,10156.5,7605.9,Layer1,48.929541179128805
A22-314CD34NEUN.svs,Neuron,Layer1,11804.7,6834.3,Layer1,15.748650735856186
A22-314CD34NEUN.svs,Neuron,Layer1,11769.2,6841.9,Layer1,41.13514312604355
A22-314CD34NEUN.svs,Neuron,Layer1,11723.6,6869.4,Layer1,23.200215516239812
A22-314CD34NEUN.svs,Neuron,Layer1,11795.8,6897.3,Layer1,35.07720057245288
A22-314CD34NEUN.svs,Neuron,Layer1,11721.9,6913.8,Layer1,26.816785788009494
A22-314CD34NEUN.svs,Neuron,Layer1,11562.4,6953.0,Layer1,20.334207631476254
A22-314CD34NEUN.svs,Neuron,Layer1,11571.2,6960.6,Layer1,12.431009613059572
A22-314CD34NEUN.svs,Neuron,Layer1,11579.8,6967.3,Layer1,8.809086218217187
A22-314CD34NEUN.svs,Neuron,Layer1,11311.1,7043.6,Layer1,43.85487430149584
A22-314CD34NEUN.svs,Neuron,Layer1,11278.8,7063.1,Layer1,33.34306524601338
A22-314CD34NEUN.svs,Neuron,Layer1,11199.3,7072.9,Layer1,39.527838291511436
A22-314CD34NEUN.svs,Neuron,Layer1,11310.5,7081.4,Layer1,32.81463088318965
A22-314CD34NEUN.svs,Neuron,Layer1,11145.2,7100.7,Layer1,14.860013458944143
A22-314CD34NEUN.svs,Neuron,Layer1,11458.3,7138.2,Layer1,34.40232550279089
A22-314CD34NEUN.svs,Neuron,Layer1,11255.4,7155.3,Layer1,1.118033988749895
A22-314CD34NEUN.svs,Neuron,Layer1,11204.8,7158.5,Layer1,44.7814693818764
A22-314CD34NEUN.svs,Neuron,Layer1,10958.8,7174.6,Layer1,22.47220505424423
A22-314CD34NEUN.svs,Neuron,Layer1,11736.1,7207.4,Layer1,68.6026967399976
A22-314CD34NEUN.svs,Neuron,Layer1,11602.3,7217.2,Layer1,75.89262151223957
A22-314CD34NEUN.svs,Neuron,Layer1,11573.5,7233.8,Layer1,77.28505677037467
A22-314CD34NEUN.svs,Neuron,Layer1,11607.5,7234.4,Layer1,58.248519294485234
A22-314CD34NEUN.svs,Neuron,Layer1,10969.1,7293.9,Layer1,29.135888522576913
A22-314CD34NEUN.svs,Neuron,Layer1,10957.6,7293.5,Layer1,22.30896680709394
A22-314CD34NEUN.svs,Neuron,Layer1,11393.6,7380.1,Layer1,26.126614782631545
A22-314CD34NEUN.svs,Neuron,Layer1,11451.3,7438.0,Layer1,79.3140592833311
A22-314CD34NEUN.svs,Neuron,Layer1,11196.2,7459.2,Layer1,0.5830951894850915
A22-314CD34NEUN.svs,Neuron,Layer1,11052.8,7543.6,Layer1,1.8439088914582815
A22-314CD34NEUN.svs,Neuron,Layer1,12240.0,6746.3,Layer1,60.983358385710375
A22-314CD34NEUN.svs,Neuron,Layer1,12407.5,6760.8,Layer1,26.37650469641467
A22-314CD34NEUN.svs,Neuron,Layer1,12218.7,6774.1,Layer1,25.96150997149457
A22-314CD34NEUN.svs,Neuron,Layer1,12534.6,6779.6,Layer1,35.29815859219874
A22-314CD34NEUN.svs,Neuron,Layer1,12364.1,6784.4,Layer1,29.81677380267618
A22-314CD34NEUN.svs,Neuron,Layer1,12681.3,6786.8,Layer1,26.70880004792447
A22-314CD34NEUN.svs,Neuron,Layer1,11940.9,6790.2,Layer1,78.30057471053563
A22-314CD34NEUN.svs,Neuron,Layer1,11908.1,6802.9,Layer1,45.669464634480406
A22-314CD34NEUN.svs,Neuron,Layer1,11928.6,6801.7,Layer1,65.39090150777909
A22-314CD34NEUN.svs,Neuron,Layer1,11920.6,6807.0,Layer1,56.26828591666935
A22-314CD34NEUN.svs,Neuron,Layer1,11980.9,6838.3,Layer1,38.41692335416729
A22-314CD34NEUN.svs,Neuron,Layer1,11844.6,6845.2,Layer1,25.663982543635004
A22-314CD34NEUN.svs,Neuron,Layer1,12318.3,6867.8,Layer1,56.859212094436
A22-314CD34NEUN.svs,Neuron,Layer1,11996.3,6880.7,Layer1,36.117862616716096
A22-314CD34NEUN.svs,Neuron,Layer1,12417.7,6889.9,Layer1,12.766362050325927
A22-314CD34NEUN.svs,Neuron,Layer1,11959.4,6902.1,Layer1,30.765077604323455
A22-314CD34NEUN.svs,Neuron,Layer1,11940.4,6920.1,Layer1,8.381527307120106
A22-314CD34NEUN.svs,Neuron,Layer1,11945.8,6928.6,Layer1,2.942787793912074
A22-314CD34NEUN.svs,Neuron,Layer1,12523.3,6925.3,Layer1,9.044335243674682
A22-314CD34NEUN.svs,Neuron,Layer1,12471.4,6939.6,Layer1,33.65055720192411
A22-314CD34NEUN.svs,Neuron,Layer1,12653.0,6940.1,Layer1,17.41034175425594
A22-314CD34NEUN.svs,Neuron,Layer1,12661.9,6967.9,Layer1,14.08580846100047
A22-314CD34NEUN.svs,Neuron,Layer1,12570.1,7024.7,Layer1,35.264287884487814
A22-314CD34NEUN.svs,Neuron,Layer1,12823.2,7038.5,Layer1,33.87403135146501
A22-314CD34NEUN.svs,Neuron,Layer1,12593.6,7039.4,Layer1,8.600581375698166
A22-314CD34NEUN.svs,Neuron,Layer1,12636.3,7060.8,Layer1,20.58543174189016
A22-314CD34NEUN.svs,Neuron,Layer1,12203.7,7114.2,Layer1,40.20572098594869
A22-314CD34NEUN.svs,Neuron,Layer1,12646.2,7139.6,Layer1,36.77200021755786
A22-314CD34NEUN.svs,Neuron,Layer1,12248.3,7141.9,Layer1,14.912075643584581
A22-314CD34NEUN.svs,Neuron,Layer1,12459.9,7154.0,Layer1,23.325951213187782
A22-314CD34NEUN.svs,Neuron,Layer1,12774.2,7162.5,Layer1,39.4508555040319
A22-314CD34NEUN.svs,Neuron,Layer1,12110.8,7176.7,Layer1,29.0663035145519
A22-314CD34NEUN.svs,Neuron,Layer1,12033.1,7179.1,Layer1,50.98284025042217
A22-314CD34NEUN.svs,Neuron,Layer1,12455.9,7187.0,Layer1,16.44688420339858
A22-314CD34NEUN.svs,Neuron,Layer1,12584.7,7189.6,Layer1,10.462313319720135
A22-314CD34NEUN.svs,Neuron,Layer1,12621.1,7217.3,Layer1,9.013878188659973
A22-314CD34NEUN.svs,Neuron,Layer1,12062.4,7259.0,Layer1,51.702417738437404
A22-314CD34NEUN.svs,Neuron,Layer1,12068.8,7295.6,Layer1,68.93489682301598
A22-314CD34NEUN.svs,Neuron,Layer1,9699.7,7784.3,Layer1,40.94447459670088
A22-314CD34NEUN.svs,Neuron,Layer1,9655.7,7834.2,Layer1,94.32035835385652
A22-314CD34NEUN.svs,Neuron,Layer1,9737.4,7908.7,Layer1,9.70154626850748
A22-314CD34NEUN.svs,Neuron,Layer1,9792.0,7994.2,Layer1,53.10160072916885
A22-314CD34NEUN.svs,Neuron,Layer1,9777.5,8006.4,Layer1,46.83855249684846
A22-314CD34NEUN.svs,Neuron,Layer1,9506.8,8080.5,Layer1,28.712366673611818
A22-314CD34NEUN.svs,Neuron,Layer1,9640.4,8097.6,Layer1,26.95644635333168
A22-314CD34NEUN.svs,Neuron,Layer1,9792.1,8335.1,Layer1,32.86122334910835
A22-314CD34NEUN.svs,Neuron,Layer1,9754.3,8383.4,Layer1,41.94877828971893
A22-314CD34NEUN.svs,Neuron,Layer1,9831.8,8416.4,Layer1,35.87199464763594
A22-314CD34NEUN.svs,Neuron,Layer1,10797.0,7597.2,Layer1,0.9433981132050434
A22-314CD34NEUN.svs,Neuron,Layer1,10327.8,7621.6,Layer1,13.947401191619738
A22-314CD34NEUN.svs,Neuron,Layer1,9902.2,7654.6,Layer1,63.022932334190884
A22-314CD34NEUN.svs,Neuron,Layer1,9933.3,7653.8,Layer1,31.9126933993371
A22-314CD34NEUN.svs,Neuron,Layer1,10673.4,7727.9,Layer1,19.22628409235625
A22-314CD34NEUN.svs,Neuron,Layer1,10504.3,7838.3,Layer1,37.78094757943468
A22-314CD34NEUN.svs,Neuron,Layer1,9925.4,7919.4,Layer1,17.33262819078503
A22-314CD34NEUN.svs,Neuron,Layer1,10229.0,8027.1,Layer1,32.234298503303144
A22-314CD34NEUN.svs,Neuron,Layer1,10147.5,8122.0,Layer1,70.90345548702159
A22-314CD34NEUN.svs,Neuron,Layer1,10076.2,8171.8,Layer1,33.51611552671452
A22-314CD34NEUN.svs,Neuron,Layer1,10065.4,8183.6,Layer1,23.879907872519105
A22-314CD34NEUN.svs,Neuron,Layer1,9942.6,8235.1,Layer1,25.83118270617898
A22-314CD34NEUN.svs,Neuron,Layer1,9870.4,8322.9,Layer1,47.87755215129518
A22-314CD34NEUN.svs,Neuron,Layer1,9876.7,8372.8,Layer1,82.95950819526367
A22-314CD34NEUN.svs,Neuron,Layer1,10974.8,7641.7,Layer1,59.01194794276903
A22-314CD34NEUN.svs,Neuron,Layer1,10936.4,7651.5,Layer1,64.903081590938
A22-314CD34NEUN.svs,Neuron,Layer1,10932.0,7678.7,Layer1,59.56248819517193
A22-314CD34NEUN.svs,Neuron,Layer1,10834.9,7705.0,Layer1,53.816447300059004
A22-314CD34NEUN.svs,Neuron,Layer1,9378.6,8499.6,Layer1,35.94495792179968
A22-314CD34NEUN.svs,Neuron,Layer1,9789.4,8511.1,Layer1,56.07423650839992
A22-314CD34NEUN.svs,Neuron,Layer1,9794.2,8529.4,Layer1,46.36000431406459
A22-314CD34NEUN.svs,Neuron,Layer1,9645.2,8584.2,Layer1,26.75294376325519
A22-314CD34NEUN.svs,Neuron,Layer1,9608.5,8636.8,Layer1,34.00132350365176
A22-314CD34NEUN.svs,Neuron,Layer1,9149.8,8641.4,Layer1,36.54038861315121
A22-314CD34NEUN.svs,Neuron,Layer1,9717.7,8665.9,Layer1,37.4759923150826
A22-314CD34NEUN.svs,Neuron,Layer1,9727.6,8679.3,Layer1,45.31335344023984
A22-314CD34NEUN.svs,Neuron,Layer1,9697.6,8706.6,Layer1,32.25910724121194
A22-314CD34NEUN.svs,Neuron,Layer1,9698.1,8722.4,Layer1,46.939109493043624
A22-314CD34NEUN.svs,Neuron,Layer1,9686.2,8728.9,Layer1,50.84977876057968
A22-314CD34NEUN.svs,Neuron,Layer1,9680.9,8756.7,Layer1,50.35255703536694
A22-314CD34NEUN.svs,Neuron,Layer1,9667.4,8771.2,Layer1,31.835200643311993
A22-314CD34NEUN.svs,Neuron,Layer1,9278.0,8796.8,Layer1,11.412712210512547
A22-314CD34NEUN.svs,Neuron,Layer1,9557.2,8803.1,Layer1,30.223831656491466
A22-314CD34NEUN.svs,Neuron,Layer1,9626.6,8810.8,Layer1,30.455869713406305
A22-314CD34NEUN.svs,Neuron,Layer1,9628.3,8821.9,Layer1,40.58004435680203
A22-314CD34NEUN.svs,Neuron,Layer1,9106.8,8853.3,Layer1,3.601388621072326
A22-314CD34NEUN.svs,Neuron,Layer1,9583.7,8877.3,Layer1,17.181676286089214
A22-314CD34NEUN.svs,Neuron,Layer1,9058.4,8891.7,Layer1,51.75760813638845
A22-314CD34NEUN.svs,Neuron,Layer1,9074.0,8897.7,Layer1,53.22490018778845
A22-314CD34NEUN.svs,Neuron,Layer1,9063.2,8903.6,Layer1,43.2726241404429
A22-314CD34NEUN.svs,Neuron,Layer1,9108.9,8907.8,Layer1,54.829554074421615
A22-314CD34NEUN.svs,Neuron,Layer1,9169.8,8921.6,Layer1,85.30709231945599
A22-314CD34NEUN.svs,Neuron,Layer1,9262.9,8938.3,Layer1,53.31041174104659
A22-314CD34NEUN.svs,Neuron,Layer1,9063.6,8972.3,Layer1,38.90321323489907
A22-314CD34NEUN.svs,Neuron,Layer1,9004.9,8991.5,Layer1,24.871268564350782
A22-314CD34NEUN.svs,Neuron,Layer1,9536.0,8997.8,Layer1,22.014540649307527
A22-314CD34NEUN.svs,Neuron,Layer1,9372.4,9023.5,Layer1,60.55212630453228
A22-314CD34NEUN.svs,Neuron,Layer1,9487.5,9070.7,Layer1,42.702341856155314
A22-314CD34NEUN.svs,Neuron,Layer1,9493.5,9086.0,Layer1,35.91726604294856
A22-314CD34NEUN.svs,Neuron,Layer1,9178.0,9090.3,Layer1,67.40267057023743
A22-314CD34NEUN.svs,Neuron,Layer1,9115.4,9093.4,Layer1,32.07818573423401
A22-314CD34NEUN.svs,Neuron,Layer1,9237.1,9096.3,Layer1,83.55321657482627
A22-314CD34NEUN.svs,Neuron,Layer1,9488.8,9099.3,Layer1,24.557890788908388
A22-314CD34NEUN.svs,Neuron,Layer1,8919.1,9120.0,Layer1,58.38510083916908
A22-314CD34NEUN.svs,Neuron,Layer1,8916.5,9137.5,Layer1,53.08719242905876
A22-314CD34NEUN.svs,Neuron,Layer1,8912.7,9151.3,Layer1,38.95394716841943
A22-314CD34NEUN.svs,Neuron,Layer1,8938.8,9168.0,Layer1,46.91620189230879
A22-314CD34NEUN.svs,Neuron,Layer1,9064.0,9175.7,Layer1,17.445056606384668
A22-314CD34NEUN.svs,Neuron,Layer1,9058.3,9242.3,Layer1,23.43672332046426
A22-314CD34NEUN.svs,Neuron,Layer1,9408.8,9270.6,Layer1,5.68594759033217
A22-314CD34NEUN.svs,Neuron,Layer1,8865.5,9267.5,Layer1,39.927559404501196
A22-314CD34NEUN.svs,Neuron,Layer1,8867.8,9277.5,Layer1,29.66647940015783
A22-314CD34NEUN.svs,Neuron,Layer1,8882.2,9284.9,Layer1,22.83725027230755
A22-314CD34NEUN.svs,Neuron,Layer1,9337.0,9296.4,Layer1,12.182774724995861
A22-314CD34NEUN.svs,Neuron,Layer1,8899.6,9295.6,Layer1,27.324897072084326
A22-314CD34NEUN.svs,Neuron,Layer1,8995.1,9302.8,Layer1,0.5385164807137206
A22-314CD34NEUN.svs,Neuron,Layer1,9411.2,9315.5,Layer1,19.785095400326433
A22-314CD34NEUN.svs,Neuron,Layer1,8875.8,9328.2,Layer1,19.80328255618133
A22-314CD34NEUN.svs,Neuron,Layer1,9010.6,9362.0,Layer1,59.88096525608109
A22-314CD34NEUN.svs,Neuron,Layer1,8872.8,9368.7,Layer1,17.875122377203976
A22-314CD34NEUN.svs,Neuron,Layer1,8967.7,9383.8,Layer1,55.13565089848926
A22-314CD34NEUN.svs,Neuron,Layer1,8864.0,9383.9,Layer1,22.33763640137382
A22-314CD34NEUN.svs,Neuron,Layer1,8873.9,9398.0,Layer1,15.430165261591146
A22-314CD34NEUN.svs,Neuron,Layer1,9392.3,9399.3,Layer1,30.56681206799339
A22-314CD34NEUN.svs,Neuron,Layer1,9016.7,9442.1,Layer1,80.91724167320554
A22-314CD34NEUN.svs,Neuron,Layer1,9281.3,9458.5,Layer1,22.87116088002482
A22-314CD34NEUN.svs,Neuron,Layer1,9378.9,9479.7,Layer1,36.140005534034195
A22-314CD34NEUN.svs,Neuron,Layer1,8867.3,9646.2,Layer1,17.392527130926087
A22-314CD34NEUN.svs,Neuron,Layer1,8833.6,9689.0,Layer1,38.5607313208645
A22-314CD34NEUN.svs,Neuron,Layer1,9036.7,9693.5,Layer1,58.33532377556529
A22-314CD34NEUN.svs,Neuron,Layer1,9008.0,9824.2,Layer1,23.517227727774365
A22-314CD34NEUN.svs,Neuron,Layer1,8942.8,9880.2,Layer1,1.664331697710351
A22-314CD34NEUN.svs,Neuron,Layer1,8875.1,9898.1,Layer1,32.348879424178364
A22-314CD34NEUN.svs,Neuron,Layer1,9053.8,9905.3,Layer1,34.04144532771719
A22-314CD34NEUN.svs,Neuron,Layer1,8869.3,9923.3,Layer1,24.328584011406647
A22-314CD34NEUN.svs,Neuron,Layer1,9013.9,9945.8,Layer1,2.7313000567496792
A22-314CD34NEUN.svs,Neuron,Layer1,8888.5,9954.2,Layer1,20.267461607217033
A22-314CD34NEUN.svs,Neuron,Layer1,8884.2,9977.9,Layer1,26.704306768759682
A22-314CD34NEUN.svs,Neuron,Layer1,8846.6,10004.3,Layer1,22.303362975120425
A22-314CD34NEUN.svs,Neuron,Layer1,8862.1,10005.8,Layer1,20.59951455738631
A22-314CD34NEUN.svs,Neuron,Layer1,8889.2,10007.1,Layer1,34.45359197529256
A22-314CD34NEUN.svs,Neuron,Layer1,8863.0,10050.4,Layer1,5.793962374748182
A22-314CD34NEUN.svs,Neuron,Layer1,9071.4,10061.0,Layer1,103.74005976477883
A22-314CD34NEUN.svs,Neuron,Layer1,8850.1,10105.7,Layer1,36.33730865102758
A22-314CD34NEUN.svs,Neuron,Layer1,9059.0,10122.3,Layer1,42.721072083926366
A22-314CD34NEUN.svs,Neuron,Layer1,8954.2,10148.5,Layer1,52.15841255253078
A22-314CD34NEUN.svs,Neuron,Layer1,8847.5,10209.6,Layer1,45.891720386143476
A22-314CD34NEUN.svs,Neuron,Layer1,8833.9,10229.9,Layer1,47.733007447677835
A22-314CD34NEUN.svs,Neuron,Layer1,8930.3,10191.8,Layer1,27.989283663572227
A22-314CD34NEUN.svs,Neuron,Layer1,9108.5,10251.4,Layer1,32.927799805027036
A22-314CD34NEUN.svs,Neuron,Layer1,8840.6,10260.4,Layer1,28.85550207499377
A22-314CD34NEUN.svs,Neuron,Layer1,9113.9,10266.1,Layer1,44.44063455892565
A22-314CD34NEUN.svs,Neuron,Layer1,8901.0,10264.3,Layer1,30.636089828827185
A22-314CD34NEUN.svs,Neuron,Layer1,9127.4,10276.6,Layer1,53.43379080694126
A22-314CD34NEUN.svs,Neuron,Layer1,8889.2,10322.9,Layer1,37.14646685756291
A22-314CD34NEUN.svs,Neuron,Layer1,8938.6,10324.2,Layer1,39.05444917035782
A22-314CD34NEUN.svs,Neuron,Layer1,8891.5,10334.4,Layer1,26.63906905280313
A22-314CD34NEUN.svs,Neuron,Layer1,8875.7,10335.3,Layer1,24.987396823198655
A22-314CD34NEUN.svs,Neuron,Layer1,9125.9,10338.8,Layer1,88.10022701446384
A22-314CD34NEUN.svs,Neuron,Layer1,8849.9,10340.2,Layer1,35.46632205346493
A22-314CD34NEUN.svs,Neuron,Layer1,9126.2,10351.1,Layer1,89.2793929190844
A22-314CD34NEUN.svs,Neuron,Layer1,9089.0,10353.5,Layer1,53.32400960168003
A22-314CD34NEUN.svs,Neuron,Layer1,8880.5,10359.4,Layer1,1.7999999999992724
A22-314CD34NEUN.svs,Neuron,Layer1,9126.9,10365.0,Layer1,92.92884374616982
A22-314CD34NEUN.svs,Neuron,Layer1,8948.8,10362.7,Layer1,40.11034779205883
A22-314CD34NEUN.svs,Neuron,Layer1,8858.1,10385.3,Layer1,35.4464384670721
A22-314CD34NEUN.svs,Neuron,Layer1,8917.0,10397.1,Layer1,17.031735084834178
A22-314CD34NEUN.svs,Neuron,Layer1,8922.3,10410.9,Layer1,15.913830462839549
A22-314CD34NEUN.svs,Neuron,Layer1,9112.3,10423.5,Layer1,108.82559441601936
A22-314CD34NEUN.svs,Neuron,Layer1,9049.5,10427.4,Layer1,61.04039646005049
A22-314CD34NEUN.svs,Neuron,Layer1,8910.7,10442.0,Layer1,17.04259369931855
A22-314CD34NEUN.svs,Neuron,Layer1,8868.4,10444.4,Layer1,25.40078738937006
A22-314CD34NEUN.svs,Neuron,Layer1,8853.7,10446.4,Layer1,40.160303783710084
A22-314CD34NEUN.svs,Neuron,Layer1,8888.6,10457.6,Layer1,14.373586887064025
A22-314CD34NEUN.svs,Neuron,Layer1,8938.7,10470.0,Layer1,0.6324555320325255
A22-314CD34NEUN.svs,Neuron,Layer1,8863.2,10477.5,Layer1,43.354930515455564
A22-314CD34NEUN.svs,Neuron,Layer1,9099.3,10529.4,Layer1,70.7935025267145
A22-314CD34NEUN.svs,Neuron,Layer1,8898.2,10529.9,Layer1,19.67358635328073
A22-314CD34NEUN.svs,Neuron,Layer1,8893.6,10539.3,Layer1,25.037971163814134
A22-314CD34NEUN.svs,Neuron,Layer1,8878.3,10539.6,Layer1,17.821335527956617
A22-314CD34NEUN.svs,Neuron,Layer1,8916.8,10539.9,Layer1,39.41941146186662
A22-314CD34NEUN.svs,Neuron,Layer1,9018.8,10574.1,Layer1,1.118033988749895
A22-314CD34NEUN.svs,Neuron,Layer1,8872.9,10590.5,Layer1,26.342361321643644
A22-314CD34NEUN.svs,Neuron,Layer1,8981.8,10607.5,Layer1,18.832153355365342
A22-314CD34NEUN.svs,Neuron,Layer1,8881.2,10613.5,Layer1,40.04097900901041
A22-314CD34NEUN.svs,Neuron,Layer1,8946.8,10651.0,Layer1,35.28923348558214
A22-314CD34NEUN.svs,Neuron,Layer1,9072.5,10687.9,Layer1,32.673536692558805
A22-314CD34NEUN.svs,Neuron,Layer1,8897.1,10688.5,Layer1,43.522982434570494
A22-314CD34NEUN.svs,Neuron,Layer1,9117.4,10701.4,Layer1,70.73570526968578
A22-314CD34NEUN.svs,Neuron,Layer1,8900.8,10703.8,Layer1,42.18589811773675
A22-314CD34NEUN.svs,Neuron,Layer1,9038.8,10707.5,Layer1,3.8600518131245574
A22-314CD34NEUN.svs,Neuron,Layer1,8911.3,10717.9,Layer1,38.26133818882995
A22-314CD34NEUN.svs,Neuron,Layer1,8928.4,10723.8,Layer1,31.71198511603991
A22-314CD34NEUN.svs,Neuron,Layer1,9047.2,10726.2,Layer1,4.973932046179299
A22-314CD34NEUN.svs,Neuron,Layer1,8904.7,10736.6,Layer1,21.45739965606333
A22-314CD34NEUN.svs,Neuron,Layer1,9060.1,10743.2,Layer1,23.703375287077552
A22-314CD34NEUN.svs,Neuron,Layer1,8926.4,10756.2,Layer1,25.643907658545697
A22-314CD34NEUN.svs,Neuron,Layer1,8958.9,10818.6,Layer1,36.78695420933891
A22-314CD34NEUN.svs,Neuron,Layer1,8901.5,10833.8,Layer1,40.275054314052696
A22-314CD34NEUN.svs,Neuron,Layer1,8918.5,10840.2,Layer1,40.02249367543232
A22-314CD34NEUN.svs,Neuron,Layer1,8905.0,10851.4,Layer1,54.34270880256061
A22-314CD34NEUN.svs,Neuron,Layer1,8919.0,10850.5,Layer1,50.1806735706084
A22-314CD34NEUN.svs,Neuron,Layer1,8957.0,10860.4,Layer1,30.97434422227563
A22-314CD34NEUN.svs,Neuron,Layer1,9037.5,10866.4,Layer1,19.299999999999272
A22-314CD34NEUN.svs,Neuron,Layer1,8913.5,10875.5,Layer1,75.67463247350416
A22-314CD34NEUN.svs,Neuron,Layer1,8908.1,10888.2,Layer1,87.22293276426844
A22-314CD34NEUN.svs,Neuron,Layer1,8942.5,10888.6,Layer1,59.973327404772974
A22-314CD34NEUN.svs,Neuron,Layer1,8975.5,10890.7,Layer1,46.1091097289907
A22-314CD34NEUN.svs,Neuron,Layer1,8920.9,10900.9,Layer1,84.10998751634726
A22-314CD34NEUN.svs,Neuron,Layer1,8958.6,10913.1,Layer1,56.222593323324084
A22-314CD34NEUN.svs,Neuron,Layer1,8995.2,10920.5,Layer1,38.04339627320331
A22-314CD34NEUN.svs,Neuron,Layer1,9106.3,10928.8,Layer1,0.5830951894841557
A22-314CD34NEUN.svs,Neuron,Layer1,9010.5,10931.6,Layer1,32.62207841324606
A22-314CD34NEUN.svs,Neuron,Layer1,8997.4,10938.1,Layer1,21.031880562611857
A22-314CD34NEUN.svs,Neuron,Layer1,9028.4,10973.6,Layer1,39.538462286740774
A22-314CD34NEUN.svs,Neuron,Layer1,9054.5,10996.3,Layer1,56.913706609217584
A22-314CD34NEUN.svs,Neuron,Layer1,9047.4,11029.5,Layer1,41.168070151514044
A22-314CD34NEUN.svs,Neuron,Layer1,9103.4,11031.7,Layer1,13.729530217745982
A22-314CD34NEUN.svs,Neuron,Layer1 Region_979,8912.1,9263.2,Layer1,7.294518489934434
A22-314CD34NEUN.svs,Neuron,Layer1 Region_979,8971.8,9265.8,Layer1,43.19560162794375
A22-314CD34NEUN.svs,Neuron,Layer1 Region_979,8995.2,9302.4,Layer1,0.31622776601798835
A22-314CD34NEUN.svs,Neuron,Layer1 Region_980,8967.6,9383.8,Layer1,55.06042135690617
A22-314CD34NEUN.svs,Neuron,Layer1 Region_983,8952.2,9643.4,Layer1,38.586137407105284
A22-314CD34NEUN.svs,Neuron,Layer1 Region_985,8942.8,9880.2,Layer1,1.664331697710351
A22-314CD34NEUN.svs,Neuron,Layer1 Region_987,8977.5,10083.1,Layer1,87.95550011227301
A22-314CD34NEUN.svs,Neuron,Layer1 Region_988,8930.3,10191.8,Layer1,27.989283663572227
A22-314CD34NEUN.svs,Neuron,Layer1 Region_990,8933.5,10324.8,Layer1,36.94374101251729
A22-314CD34NEUN.svs,Neuron,Layer1 Region_990,8948.5,10362.8,Layer1,39.906139878470434
A22-314CD34NEUN.svs,Neuron,Layer1 Region_991,8920.5,10438.0,Layer1,27.410399486327226
A22-314CD34NEUN.svs,Neuron,Layer1 Region_991,8911.7,10442.9,Layer1,17.947144619689645
A22-314CD34NEUN.svs,Neuron,Layer1 Region_991,8938.4,10469.6,Layer1,0.9219544457286968
A22-314CD34NEUN.svs,Neuron,Layer1 Region_992,8916.8,10539.8,Layer1,39.35174710225612
A22-314CD34NEUN.svs,Neuron,Layer1 Region_993,8946.9,10651.1,Layer1,35.422732813829676
A22-314CD34NEUN.svs,Neuron,Layer1 Region_994,8953.4,10713.1,Layer1,21.1683726346635
A22-314CD34NEUN.svs,Neuron,Layer1 Region_994,8928.4,10723.8,Layer1,31.71198511603991
A22-314CD34NEUN.svs,Neuron,Layer1 Region_994,8926.8,10754.9,Layer1,26.15033460588996
A22-314CD34NEUN.svs,Neuron,Layer1 Region_996,9063.2,9175.1,Layer1,18.380696395945968
A22-314CD34NEUN.svs,Neuron,Layer1 Region_997,9058.5,9242.5,Layer1,23.52360516587557
A22-314CD34NEUN.svs,Neuron,Layer1 Region_999,9071.6,10061.0,Layer1,103.80693618443776
A22-314CD34NEUN.svs,Neuron,Layer1 Region_1002,9089.0,10353.8,Layer1,53.408613537518846
A22-314CD34NEUN.svs,Neuron,Layer1 Region_1003,9013.5,10450.5,Layer1,18.389671013915272
A22-314CD34NEUN.svs,Neuron,Layer1 Region_1004,9099.1,10528.6,Layer1,70.2822879536524
A22-314CD34NEUN.svs,Neuron,Layer1 Region_1004,9018.8,10574.0,Layer1,1.029563014098382
A22-314CD34NEUN.svs,Neuron,Layer1 Region_1004,9098.8,10590.6,Layer1,41.96867879740757
A22-314CD34NEUN.svs,Neuron,Layer1 Region_1005,9072.5,10688.0,Layer1,32.61732668383437
A22-314CD34NEUN.svs,Neuron,Layer1 Region_1005,9048.6,10701.5,Layer1,5.714017850864248
A22-314CD34NEUN.svs,Neuron,Layer1 Region_1005,9039.2,10705.7,Layer1,5.162363799655312
A22-314CD34NEUN.svs,Neuron,Layer1 Region_1005,9074.1,10704.9,Layer1,28.63424523189008
A22-314CD34NEUN.svs,Neuron,Layer1 Region_1006,9046.5,10725.5,Layer1,4.816637831517673
A22-314CD34NEUN.svs,Neuron,Layer1 Region_1009,9174.4,8857.7,Layer1,21.684326136637548
A22-314CD34NEUN.svs,Neuron,Layer1 Region_1010,9169.9,8921.6,Layer1,85.30586146332611
A22-314CD34NEUN.svs,Neuron,Layer1 Region_1011,9178.1,9090.3,Layer1,67.40363491681997
A22-314CD34NEUN.svs,Neuron,Layer1 Region_1011,9115.5,9093.5,Layer1,32.063218802859005
A22-314CD34NEUN.svs,Neuron,Layer1 Region_1013,9277.9,8796.9,Layer1,11.545128842936013
A22-314CD34NEUN.svs,Neuron,Layer1 Region_1015,9378.5,8499.5,Layer1,36.016940458622635
A22-314CD34NEUN.svs,Neuron,Layer1 Region_1019,9438.3,8348.8,Layer1,32.035605191722304
A22-314CD34NEUN.svs,Neuron,Layer1 Region_1023,9698.4,8703.3,Layer1,29.819792085122568
A22-314CD34NEUN.svs,Neuron,Layer1 Region_1027,9936.1,7736.1,Layer1,52.82773892568225
A22-314CD34NEUN.svs,Neuron,Layer1 Region_1029,10254.7,7563.9,Layer1,41.36967488390499
A22-314CD34NEUN.svs,Neuron,Layer1 Region_1031,10529.3,7310.8,Layer1,16.401524319404256
A22-314CD34NEUN.svs,Neuron,Layer1 Region_1031,10582.4,7370.4,Layer1,83.83078193599297
A22-314CD34NEUN.svs,Neuron,Layer1 Region_1043,11818.3,7296.1,Layer1,23.4266941756618
A22-314CD34NEUN.svs,Neuron,Layer1 Region_1044,11996.3,6880.7,Layer1,36.117862616716096
A22-314CD34NEUN.svs,Neuron,Layer1 Region_1044,11957.9,6899.9,Layer1,28.71410803072246
A22-314CD34NEUN.svs,Neuron,Layer1 Region_1050,12318.6,6867.6,Layer1,56.52786923279531
A22-314CD34NEUN.svs,Neuron,Layer1 Region_1051,12325.1,7204.3,Layer1,18.19120666695907
A22-314CD34NEUN.svs,Neuron,Layer1 Region_1052,12453.1,6857.9,Layer1,36.85050881602611
A22-314CD34NEUN.svs,Neuron,Layer1 Region_1055,12459.9,7153.9,Layer1,23.40875904442674
A22-314CD34NEUN.svs,Neuron,Layer1 Region_1055,12453.3,7187.8,Layer1,15.890248582070704
A22-314CD34NEUN.svs,Neuron,Layer1 Region_1058,12568.2,7025.6,Layer1,36.65637734419476
A22-314CD34NEUN.svs,Neuron,Layer1 Region_1061,12653.0,6940.1,Layer1,17.41034175425594
A22-314CD34NEUN.svs,Neuron,Layer1 Region_1061,12661.9,6967.9,Layer1,14.08580846100047
A22-314CD34NEUN.svs,Neuron,Layer1 Region_1062,12699.1,7015.8,Layer1,24.82780699135613
A22-314CD34NEUN.svs,Neuron,Layer1 Region_1062,12636.3,7060.8,Layer1,20.58543174189016
A22-314CD34NEUN.svs,Neuron,Layer1 Region_4234,11546.4,23978.7,Layer1,8.099382692526365
A22-314CD34NEUN.svs,Neuron,Layer1 Region_4234,11544.6,23994.2,Layer1,14.041723540935234
A22-314CD34NEUN.svs,Neuron,Layer1 Region_4234,11552.8,24012.1,Layer1,5.597320787659706
A22-314CD34NEUN.svs,Neuron,Layer1 Region_4239,11984.2,24010.0,Layer1,1.3892443989459755
A22-314CD34NEUN.svs,Neuron,Layer1 Region_4240,12082.2,23895.2,Layer1,39.90012531308424
A22-314CD34NEUN.svs,Neuron,Layer1 Region_4241,12024.3,23957.7,Layer1,58.01120581404932
A22-314CD34NEUN.svs,Neuron,Layer1 Region_4244,12288.1,23863.4,Layer1,10.965856099731285
A22-314CD34NEUN.svs,Neuron,Layer1 Region_4244,12268.8,23902.1,Layer1,37.938898244413025
A22-314CD34NEUN.svs,Neuron,Layer1 Region_4246,12329.8,23827.7,Layer1,42.34678264047931
A22-314CD34NEUN.svs,Neuron,Layer1 Region_4246,12340.4,23848.6,Layer1,31.89043743820487
A22-314CD34NEUN.svs,Neuron,Layer1 Region_4248,12443.8,23891.0,Layer1,82.49684842465234
A22-314CD34NEUN.svs,Neuron,Layer1 Region_4249,12437.1,23962.5,Layer1,72.35364538155609
A22-314CD34NEUN.svs,Neuron,Layer1 Region_4251,12594.9,23975.5,Layer1,88.00255678103896
A22-314CD34NEUN.svs,Neuron,Layer1 Region_4251,12575.3,23980.1,Layer1,72.35696234641043
A22-314CD34NEUN.svs,Neuron,Layer1 Region_4251,12566.6,24004.4,Layer1,81.27834890055473
A22-314CD34NEUN.svs,Neuron,Layer1 Region_4251,12606.9,24005.6,Layer1,112.68762132550248
A22-314CD34NEUN.svs,Neuron,Layer1 Region_4252,12664.8,23843.5,Layer1,22.884929538889207
A22-314CD34NEUN.svs,Neuron,Layer1 Region_4253,12696.8,23952.0,Layer1,106.06323585484334
A22-314CD34NEUN.svs,Neuron,Layer1 Region_4253,12702.8,23958.7,Layer1,103.63956773356504
A22-314CD34NEUN.svs,Neuron,Layer1 Region_4253,12694.0,23958.1,Layer1,111.18021406707156
A22-314CD34NEUN.svs,Neuron,Layer1 Region_4253,12701.2,23972.1,Layer1,111.99892856630251
A22-314CD34NEUN.svs,Neuron,Layer1 Region_4253,12671.4,23993.7,Layer1,148.79153201711543
A22-314CD34NEUN.svs,Neuron,Layer1 Region_4253,12629.4,24006.0,Layer1,132.2128964965219
A22-314CD34NEUN.svs,Neuron,Layer1 Region_4254,12774.9,14732.4,Layer1,21.290608258103287
A22-314CD34NEUN.svs,Neuron,Layer1 Region_4256,12866.8,23916.7,Layer1,30.767515336796944
A22-314CD34NEUN.svs,Neuron,Layer1 Region_4257,12970.1,23812.5,Layer1,49.14895726258969
A22-314CD34NEUN.svs,Neuron,Layer1 Region_4260,13015.1,23897.5,Layer1,66.31455345548326
A22-314CD34NEUN.svs,Neuron,Layer1 Region_4264,13508.1,15449.0,Layer1,63.81629885852075
A22-314CD34NEUN.svs,Neuron,Layer1 Region_4265,13516.0,23644.8,Layer1,15.25942331807035
A22-314CD34NEUN.svs,Neuron,Layer1 Region_4267,13704.2,23701.2,Layer1,47.53945729601897
A22-314CD34NEUN.svs,Neuron,Layer1 Region_4267,13684.7,23711.9,Layer1,51.732581609658865
A22-314CD34NEUN.svs,Neuron,Layer1 Region_4267,13674.3,23718.8,Layer1,58.65841798071053
A22-314CD34NEUN.svs,Neuron,Layer1 Region_4268,13749.9,23561.2,Layer1,3.86005181312616
A22-314CD34NEUN.svs,Neuron,Layer1 Region_4268,13720.0,23601.7,Layer1,49.65682229059652
A22-314CD34NEUN.svs,Neuron,Layer1 Region_4269,13903.4,23608.3,Layer1,71.23713919017172
A22-314CD34NEUN.svs,Neuron,Layer1 Region_4269,13866.4,23615.9,Layer1,45.96661832243209
A22-314CD34NEUN.svs,Neuron,Layer1 Region_4274,14244.9,23338.7,Layer1,47.214934078107106
A22-314CD34NEUN.svs,Neuron,Layer1 Region_4274,14220.9,23351.0,Layer1,44.90367468259196
A22-314CD34NEUN.svs,Neuron,Layer1 Region_4278,14588.4,23179.9,Layer1,108.18950965782246
A22-314CD34NEUN.svs,Neuron,Layer1 Region_4281,14702.8,16222.3,Layer1,33.60729087564219
A22-314CD34NEUN.svs,Neuron,Layer1 Region_4282,14645.1,23145.6,Layer1,85.87834418524756
A22-314CD34NEUN.svs,Neuron,Layer1 Region_4282,14671.6,23188.2,Layer1,45.866109492738566
A22-314CD34NEUN.svs,Neuron,Layer1 Region_4283,14705.0,23306.7,Layer1,61.07086048190082
A22-314CD34NEUN.svs,Neuron,Layer1 Region_4287,14838.2,23048.6,Layer1,70.83078426785913
A22-314CD34NEUN.svs,Neuron,Layer1 Region_4287,14885.5,23070.8,Layer1,83.9638612737653
A22-314CD34NEUN.svs,Neuron,Layer1 Region_4288,14830.2,23146.7,Layer1,70.24991103197374
A22-314CD34NEUN.svs,Neuron,Layer1 Region_4289,15007.1,22924.8,Layer1,47.34395420748068
A22-314CD34NEUN.svs,Neuron,Layer1 Region_4289,14998.6,22959.0,Layer1,35.45659318095875
A22-314CD34NEUN.svs,Neuron,Layer1 Region_4289,14965.3,22986.5,Layer1,15.600320509526536
A22-314CD34NEUN.svs,Neuron,Layer1 Region_4289,14933.8,23003.3,Layer1,45.11895388858157
A22-314CD34NEUN.svs,Neuron,Layer1 Region_4290,14938.0,23031.9,Layer1,66.78952013602164
A22-314CD34NEUN.svs,Neuron,Layer1 Region_4290,15008.8,23085.0,Layer1,92.50913468409532
A22-314CD34NEUN.svs,Neuron,Layer1 Region_4291,15020.3,22913.6,Layer1,37.48613076859358
A22-314CD34NEUN.svs,Neuron,Layer1 Region_4292,15071.1,22937.5,Layer1,18.655294154743597
A22-314CD34NEUN.svs,Neuron,Layer1 Region_4292,15109.3,22943.8,Layer1,46.29298002937449
A22-314CD34NEUN.svs,Neuron,Layer1 Region_4292,15041.1,22960.0,Layer1,33.10241683019682
A22-314CD34NEUN.svs,Neuron,Layer1 Region_4295,15224.9,22800.8,Layer1,50.786218603082375
A22-314CD34NEUN.svs,Neuron,Layer1 Region_4297,15343.2,22633.5,Layer1,39.38591118661596
A22-314CD34NEUN.svs,Neuron,Layer1 Region_4297,15391.3,22678.0,Layer1,18.027756377319946
A22-314CD34NEUN.svs,Neuron,Layer1 Region_4299,15464.4,22523.9,Layer1,27.789386463181582
A22-314CD34NEUN.svs,Neuron,Layer1 Region_4302,15540.5,22426.6,Layer1,71.80445668619672
A22-314CD34NEUN.svs,Neuron,Layer1 Region_4302,15536.6,22437.4,Layer1,76.357645327759
A22-314CD34NEUN.svs,Neuron,Layer1 Region_4304,15597.5,22692.7,Layer1,51.35017039893876
A22-314CD34NEUN.svs,Neuron,Layer1 Region_4306,15636.5,22494.2,Layer1,6.3568860301252474
A22-314CD34NEUN.svs,Neuron,Layer1 Region_4316,15852.8,22293.2,Layer1,28.2837409124044
A22-314CD34NEUN.svs,Neuron,Layer1 Region_4316,15892.8,22299.5,Layer1,63.68830347873837
A22-314CD34NEUN.svs,Neuron,Layer1 Region_4320,15929.0,21635.4,Layer1,68.13075663751327
A22-314CD34NEUN.svs,Neuron,Layer1 Region_4320,15973.9,21661.8,Layer1,60.343350917895215
A22-314CD34NEUN.svs,Neuron,Layer1 Region_4320,15928.3,21689.7,Layer1,66.1245037788561
A22-314CD34NEUN.svs,Neuron,Layer1 Region_4320,15950.4,21713.5,Layer1,33.83784863137726
A22-314CD34NEUN.svs,Neuron,Layer1 Region_4321,15922.3,21730.4,Layer1,48.39028828184435
A22-314CD34NEUN.svs,Neuron,Layer1 Region_4323,16064.8,21371.1,Layer1,34.70922067693323
A22-314CD34NEUN.svs,Neuron,Layer1 Region_4323,16052.7,21415.5,Layer1,48.50247416369577
A22-314CD34NEUN.svs,Neuron,Layer1 Region_4324,16053.7,21491.4,Layer1,66.24567910437607
A22-314CD34NEUN.svs,Neuron,Layer1 Region_4326,16202.3,17711.3,Layer1,13.50740537631271
A22-314CD34NEUN.svs,Neuron,Layer1 Region_4329,16209.7,21314.6,Layer1,42.70573731947568
A22-314CD34NEUN.svs,Neuron,Layer1 Region_4338,16408.8,20239.6,Layer1,0.5830951894841557
A22-314CD34NEUN.svs,Neuron,Layer1 Region_4342,16457.1,20170.8,Layer1,54.29051482533699
A22-314CD34NEUN.svs,Neuron,Layer1 Region_4347,16556.9,19668.4,Layer1,18.506755523321747
A22-314CD34NEUN.svs,Neuron,Layer1 Region_4351,16706.6,19289.4,Layer1,43.65191862908466
A22-314CD34NEUN.svs,Neuron,Layer1 Region_4352,16674.3,19352.3,Layer1,41.4772226649771
