{
  "v_initial": {
    "L4e": -51.436806656988864,
    "L2e": -48.81795423465613
  },
  "excWeight_L4e": 0.003920215444877185,
  "inhWeightScale_L4e": 1.8231355479749078,
  "gnabar": {
    "L4e": 0.0073753590809821235,
    "L2e": 0.010365184554000956
  },
  "gkbar": {
    "L4e": 0.0010346433474379508,
    "L2e": 0.0008332378855099839
  },
  "ukcc2": {
    "L4e": 0.8514773514968408,
    "L2e": 4.12009072115859
  },
  "unkcc1": {
    "L4e": 2.4647449151532568,
    "L2e": 8.461333191678184
  },
  "pmax": {
    "L4e": 48.43106615591116,
    "L2e": 56.416941819137286
  },
  "gpas": {
    "L4e": 3.671436407985759e-06,
    "L2e": 1.6243839273916322e-05
  },
  "excWeight_L2e": 0.027590268145502386,
  "inhWeightScale_L2e": 3.275843732100935
}