{
  "excWeight_L2e": 0.042684352982068394,
  "inhWeightScale_L2e": 2.7477378021427494,
  "gnabar": {
    "L2e": 0.019732282067047257,
    "L2i": 0.014029536948056772,
    "L4e": 0.012962098220660138,
    "L4i": 0.034494656959546156,
    "L5e": 0.010082035527696438,
    "L5i": 0.011657413096039038,
    "L6e": 0.007252721523687994,
    "L6i": 0.010438365962423457
  },
  "gkbar": {
    "L2e": 0.0012504509760023104,
    "L2i": 0.006419452013895327,
    "L4e": 0.0011527903474163272,
    "L4i": 0.00562917873083092,
    "L5e": 0.010018539919268337,
    "L5i": 0.019016247339824054,
    "L6e": 0.0012285778109293686,
    "L6i": 0.011446053636740299
  },
  "ukcc2": {
    "L2e": 2.4334589951237366,
    "L2i": 0.30508625128171696,
    "L4e": 0.3945369723559737,
    "L4i": 0.5508374602226158,
    "L5e": 0.5271784269080686,
    "L5i": 0.7633450827635292,
    "L6e": 0.6551065740743839,
    "L6i": 0.7361383359925929
  },
  "unkcc1": {
    "L2e": 4.418450426225382,
    "L2i": 9.089558844431446,
    "L4e": 8.146677069163974,
    "L4i": 2.4950791674065256,
    "L5e": 5.32771502830815,
    "L5i": 4.740708767788733,
    "L6e": 4.693119319101865,
    "L6i": 3.068653415259042
  },
  "pmax": {
    "L2e": 52.038874600326416,
    "L2i": 22.096642591224395,
    "L4e": 58.9769320854703,
    "L4i": 51.35046741058827,
    "L5e": 66.14978143300192,
    "L5i": 52.33199599706677,
    "L6e": 58.60016270532912,
    "L6i": 67.07127227684104
  },
  "gpas": {
    "L2e": 9.018027016031885e-06,
    "L2i": 2.2733255933518306e-05,
    "L4e": 6.873090373407122e-06,
    "L4i": 7.946713019618967e-06,
    "L5e": 6.638300532725232e-06,
    "L5i": 1.3230130953550889e-05,
    "L6e": 1.1029880297445707e-05,
    "L6i": 1.0786406028439723e-05
  },
  "v_initial": {
    "L2e": -48.501237082608554,
    "L2i": -62.37193104682805,
    "L4e": -53.348688579047284,
    "L4i": -63.07802958513251,
    "L5e": -60.20362618237802,
    "L5i": -60.519950970334506,
    "L6e": -57.71323197061153,
    "L6i": -61.51620805505813
  },
  "excWeight_L2i": 0.000979004558376887,
  "inhWeightScale_L2i": 11.204717487253248,
  "excWeight_L4e": 0.004675113607455884,
  "inhWeightScale_L4e": 1.8880009201065193,
  "excWeight_L4i": 0.0019438728671250852,
  "inhWeightScale_L4i": 10.376154168839935,
  "excWeight_L5e": 0.0018980782614843037,
  "inhWeightScale_L5e": 8.101080332517725,
  "excWeight_L5i": 0.0031258639939118833,
  "inhWeightScale_L5i": 5.9735016427547745,
  "excWeight_L6e": 0.009143754492185949,
  "inhWeightScale_L6e": 2.7165885929762315,
  "excWeight_L6i": 0.006473351575292504,
  "inhWeightScale_L6i": 3.956161120511286
}